5.55,1.0,5.723125,1.1875,1
5.55,1.1875,5.723125,1.375,1
5.55,1.375,5.723125,1.5625,1
5.55,1.5625,5.723125,1.75,1
5.55,1.75,5.723125,1.9375,1
5.55,1.9375,5.723125,2.125,1
5.55,2.125,5.723125,2.3125,1
5.55,2.3125,5.723125,2.5,1
5.55,2.5,5.723125,2.6875,1
5.55,2.6875,5.723125,2.875,1
5.55,2.875,5.723125,3.0625,1
5.55,3.0625,5.723125,3.25,1
5.55,3.25,5.723125,3.4375,1
5.55,3.4375,5.723125,3.625,1
5.55,3.625,5.723125,3.8125,1
5.55,3.8125,5.723125,4.0,1
5.55,4.0,5.723125,4.1875,1
5.55,4.1875,5.723125,4.375,1
5.55,4.375,5.723125,4.5625,1
5.55,4.5625,5.723125,4.75,1
5.55,4.75,5.723125,4.9375,1
5.55,4.9375,5.723125,5.125,1
5.55,5.125,5.723125,5.3125,1
5.55,5.3125,5.723125,5.5,1
5.55,5.5,5.723125,5.6875,1
5.55,5.6875,5.723125,5.875,1
5.55,5.875,5.723125,6.0625,1
5.55,6.0625,5.723125,6.25,1
5.55,6.25,5.723125,6.4375,1
5.55,6.4375,5.723125,6.625,1
5.55,6.625,5.723125,6.8125,1
5.55,6.8125,5.723125,7.0,1
5.723125,1.0,5.896249999999999,1.1875,1
5.723125,1.1875,5.896249999999999,1.375,1
5.723125,1.375,5.896249999999999,1.5625,1
5.723125,1.5625,5.896249999999999,1.75,1
5.723125,1.75,5.896249999999999,1.9375,1
5.723125,1.9375,5.896249999999999,2.125,1
5.723125,2.125,5.896249999999999,2.3125,1
5.723125,2.3125,5.896249999999999,2.5,1
5.723125,2.5,5.896249999999999,2.6875,1
5.723125,2.6875,5.896249999999999,2.875,1
5.723125,2.875,5.896249999999999,3.0625,1
5.723125,3.0625,5.896249999999999,3.25,1
5.723125,3.25,5.896249999999999,3.4375,1
5.723125,3.4375,5.896249999999999,3.625,1
5.723125,3.625,5.896249999999999,3.8125,1
5.723125,3.8125,5.896249999999999,4.0,1
5.723125,4.0,5.896249999999999,4.1875,1
5.723125,4.1875,5.896249999999999,4.375,1
5.723125,4.375,5.896249999999999,4.5625,1
5.723125,4.5625,5.896249999999999,4.75,1
5.723125,4.75,5.896249999999999,4.9375,1
5.723125,4.9375,5.896249999999999,5.125,1
5.723125,5.125,5.896249999999999,5.3125,1
5.723125,5.3125,5.896249999999999,5.5,1
5.723125,5.5,5.896249999999999,5.6875,1
5.723125,5.6875,5.896249999999999,5.875,-1
5.723125,5.875,5.896249999999999,6.0625,-1
5.723125,6.0625,5.896249999999999,6.25,-1
5.723125,6.25,5.896249999999999,6.4375,-1
5.723125,6.4375,5.896249999999999,6.625,-1
5.723125,6.625,5.896249999999999,6.8125,-1
5.723125,6.8125,5.896249999999999,7.0,-1
5.896249999999999,1.0,6.069374999999999,1.1875,1
5.896249999999999,1.1875,6.069374999999999,1.375,1
5.896249999999999,1.375,6.069374999999999,1.5625,1
5.896249999999999,1.5625,6.069374999999999,1.75,1
5.896249999999999,1.75,6.069374999999999,1.9375,1
5.896249999999999,1.9375,6.069374999999999,2.125,1
5.896249999999999,2.125,6.069374999999999,2.3125,1
5.896249999999999,2.3125,6.069374999999999,2.5,1
5.896249999999999,2.5,6.069374999999999,2.6875,1
5.896249999999999,2.6875,6.069374999999999,2.875,1
5.896249999999999,2.875,6.069374999999999,3.0625,1
5.896249999999999,3.0625,6.069374999999999,3.25,1
5.896249999999999,3.25,6.069374999999999,3.4375,1
5.896249999999999,3.4375,6.069374999999999,3.625,1
5.896249999999999,3.625,6.069374999999999,3.8125,1
5.896249999999999,3.8125,6.069374999999999,4.0,1
5.896249999999999,4.0,6.069374999999999,4.1875,1
5.896249999999999,4.1875,6.069374999999999,4.375,1
5.896249999999999,4.375,6.069374999999999,4.5625,1
5.896249999999999,4.5625,6.069374999999999,4.75,1
5.896249999999999,4.75,6.069374999999999,4.9375,1
5.896249999999999,4.9375,6.069374999999999,5.125,1
5.896249999999999,5.125,6.069374999999999,5.3125,1
5.896249999999999,5.3125,6.069374999999999,5.5,-1
5.896249999999999,5.5,6.069374999999999,5.6875,-1
5.896249999999999,5.6875,6.069374999999999,5.875,-1
5.896249999999999,5.875,6.069374999999999,6.0625,-1
5.896249999999999,6.0625,6.069374999999999,6.25,-1
5.896249999999999,6.25,6.069374999999999,6.4375,-1
5.896249999999999,6.4375,6.069374999999999,6.625,-1
5.896249999999999,6.625,6.069374999999999,6.8125,-1
5.896249999999999,6.8125,6.069374999999999,7.0,-1
6.069374999999999,1.0,6.242499999999999,1.1875,1
6.069374999999999,1.1875,6.242499999999999,1.375,1
6.069374999999999,1.375,6.242499999999999,1.5625,1
6.069374999999999,1.5625,6.242499999999999,1.75,1
6.069374999999999,1.75,6.242499999999999,1.9375,1
6.069374999999999,1.9375,6.242499999999999,2.125,1
6.069374999999999,2.125,6.242499999999999,2.3125,1
6.069374999999999,2.3125,6.242499999999999,2.5,1
6.069374999999999,2.5,6.242499999999999,2.6875,1
6.069374999999999,2.6875,6.242499999999999,2.875,1
6.069374999999999,2.875,6.242499999999999,3.0625,1
6.069374999999999,3.0625,6.242499999999999,3.25,1
6.069374999999999,3.25,6.242499999999999,3.4375,1
6.069374999999999,3.4375,6.242499999999999,3.625,1
6.069374999999999,3.625,6.242499999999999,3.8125,1
6.069374999999999,3.8125,6.242499999999999,4.0,1
6.069374999999999,4.0,6.242499999999999,4.1875,1
6.069374999999999,4.1875,6.242499999999999,4.375,1
6.069374999999999,4.375,6.242499999999999,4.5625,1
6.069374999999999,4.5625,6.242499999999999,4.75,1
6.069374999999999,4.75,6.242499999999999,4.9375,1
6.069374999999999,4.9375,6.242499999999999,5.125,1
6.069374999999999,5.125,6.242499999999999,5.3125,-1
6.069374999999999,5.3125,6.242499999999999,5.5,-1
6.069374999999999,5.5,6.242499999999999,5.6875,-1
6.069374999999999,5.6875,6.242499999999999,5.875,-1
6.069374999999999,5.875,6.242499999999999,6.0625,-1
6.069374999999999,6.0625,6.242499999999999,6.25,-1
6.069374999999999,6.25,6.242499999999999,6.4375,-1
6.069374999999999,6.4375,6.242499999999999,6.625,-1
6.069374999999999,6.625,6.242499999999999,6.8125,-1
6.069374999999999,6.8125,6.242499999999999,7.0,-1
6.242499999999999,1.0,6.415624999999999,1.1875,1
6.242499999999999,1.1875,6.415624999999999,1.375,1
6.242499999999999,1.375,6.415624999999999,1.5625,1
6.242499999999999,1.5625,6.415624999999999,1.75,1
6.242499999999999,1.75,6.415624999999999,1.9375,1
6.242499999999999,1.9375,6.415624999999999,2.125,1
6.242499999999999,2.125,6.415624999999999,2.3125,1
6.242499999999999,2.3125,6.415624999999999,2.5,1
6.242499999999999,2.5,6.415624999999999,2.6875,1
6.242499999999999,2.6875,6.415624999999999,2.875,1
6.242499999999999,2.875,6.415624999999999,3.0625,1
6.242499999999999,3.0625,6.415624999999999,3.25,1
6.242499999999999,3.25,6.415624999999999,3.4375,1
6.242499999999999,3.4375,6.415624999999999,3.625,1
6.242499999999999,3.625,6.415624999999999,3.8125,1
6.242499999999999,3.8125,6.415624999999999,4.0,1
6.242499999999999,4.0,6.415624999999999,4.1875,1
6.242499999999999,4.1875,6.415624999999999,4.375,1
6.242499999999999,4.375,6.415624999999999,4.5625,1
6.242499999999999,4.5625,6.415624999999999,4.75,1
6.242499999999999,4.75,6.415624999999999,4.9375,1
6.242499999999999,4.9375,6.415624999999999,5.125,1
6.242499999999999,5.125,6.415624999999999,5.3125,-1
6.242499999999999,5.3125,6.415624999999999,5.5,-1
6.242499999999999,5.5,6.415624999999999,5.6875,-1
6.242499999999999,5.6875,6.415624999999999,5.875,-1
6.242499999999999,5.875,6.415624999999999,6.0625,-1
6.242499999999999,6.0625,6.415624999999999,6.25,-1
6.242499999999999,6.25,6.415624999999999,6.4375,-1
6.242499999999999,6.4375,6.415624999999999,6.625,-1
6.242499999999999,6.625,6.415624999999999,6.8125,-1
6.242499999999999,6.8125,6.415624999999999,7.0,-1
6.415624999999999,1.0,6.588749999999998,1.1875,1
6.415624999999999,1.1875,6.588749999999998,1.375,1
6.415624999999999,1.375,6.588749999999998,1.5625,1
6.415624999999999,1.5625,6.588749999999998,1.75,1
6.415624999999999,1.75,6.588749999999998,1.9375,1
6.415624999999999,1.9375,6.588749999999998,2.125,1
6.415624999999999,2.125,6.588749999999998,2.3125,1
6.415624999999999,2.3125,6.588749999999998,2.5,1
6.415624999999999,2.5,6.588749999999998,2.6875,1
6.415624999999999,2.6875,6.588749999999998,2.875,1
6.415624999999999,2.875,6.588749999999998,3.0625,1
6.415624999999999,3.0625,6.588749999999998,3.25,1
6.415624999999999,3.25,6.588749999999998,3.4375,1
6.415624999999999,3.4375,6.588749999999998,3.625,1
6.415624999999999,3.625,6.588749999999998,3.8125,1
6.415624999999999,3.8125,6.588749999999998,4.0,1
6.415624999999999,4.0,6.588749999999998,4.1875,1
6.415624999999999,4.1875,6.588749999999998,4.375,1
6.415624999999999,4.375,6.588749999999998,4.5625,1
6.415624999999999,4.5625,6.588749999999998,4.75,1
6.415624999999999,4.75,6.588749999999998,4.9375,1
6.415624999999999,4.9375,6.588749999999998,5.125,1
6.415624999999999,5.125,6.588749999999998,5.3125,-1
6.415624999999999,5.3125,6.588749999999998,5.5,-1
6.415624999999999,5.5,6.588749999999998,5.6875,-1
6.415624999999999,5.6875,6.588749999999998,5.875,-1
6.415624999999999,5.875,6.588749999999998,6.0625,-1
6.415624999999999,6.0625,6.588749999999998,6.25,-1
6.415624999999999,6.25,6.588749999999998,6.4375,-1
6.415624999999999,6.4375,6.588749999999998,6.625,-1
6.415624999999999,6.625,6.588749999999998,6.8125,-1
6.415624999999999,6.8125,6.588749999999998,7.0,-1
6.588749999999998,1.0,6.761874999999998,1.1875,1
6.588749999999998,1.1875,6.761874999999998,1.375,1
6.588749999999998,1.375,6.761874999999998,1.5625,1
6.588749999999998,1.5625,6.761874999999998,1.75,1
6.588749999999998,1.75,6.761874999999998,1.9375,1
6.588749999999998,1.9375,6.761874999999998,2.125,1
6.588749999999998,2.125,6.761874999999998,2.3125,1
6.588749999999998,2.3125,6.761874999999998,2.5,1
6.588749999999998,2.5,6.761874999999998,2.6875,1
6.588749999999998,2.6875,6.761874999999998,2.875,1
6.588749999999998,2.875,6.761874999999998,3.0625,1
6.588749999999998,3.0625,6.761874999999998,3.25,1
6.588749999999998,3.25,6.761874999999998,3.4375,1
6.588749999999998,3.4375,6.761874999999998,3.625,1
6.588749999999998,3.625,6.761874999999998,3.8125,1
6.588749999999998,3.8125,6.761874999999998,4.0,1
6.588749999999998,4.0,6.761874999999998,4.1875,1
6.588749999999998,4.1875,6.761874999999998,4.375,1
6.588749999999998,4.375,6.761874999999998,4.5625,1
6.588749999999998,4.5625,6.761874999999998,4.75,1
6.588749999999998,4.75,6.761874999999998,4.9375,1
6.588749999999998,4.9375,6.761874999999998,5.125,1
6.588749999999998,5.125,6.761874999999998,5.3125,-1
6.588749999999998,5.3125,6.761874999999998,5.5,-1
6.588749999999998,5.5,6.761874999999998,5.6875,-1
6.588749999999998,5.6875,6.761874999999998,5.875,-1
6.588749999999998,5.875,6.761874999999998,6.0625,-1
6.588749999999998,6.0625,6.761874999999998,6.25,-1
6.588749999999998,6.25,6.761874999999998,6.4375,-1
6.588749999999998,6.4375,6.761874999999998,6.625,-1
6.588749999999998,6.625,6.761874999999998,6.8125,-1
6.588749999999998,6.8125,6.761874999999998,7.0,-1
6.761874999999998,1.0,6.934999999999998,1.1875,1
6.761874999999998,1.1875,6.934999999999998,1.375,1
6.761874999999998,1.375,6.934999999999998,1.5625,1
6.761874999999998,1.5625,6.934999999999998,1.75,1
6.761874999999998,1.75,6.934999999999998,1.9375,1
6.761874999999998,1.9375,6.934999999999998,2.125,1
6.761874999999998,2.125,6.934999999999998,2.3125,1
6.761874999999998,2.3125,6.934999999999998,2.5,1
6.761874999999998,2.5,6.934999999999998,2.6875,1
6.761874999999998,2.6875,6.934999999999998,2.875,1
6.761874999999998,2.875,6.934999999999998,3.0625,1
6.761874999999998,3.0625,6.934999999999998,3.25,1
6.761874999999998,3.25,6.934999999999998,3.4375,1
6.761874999999998,3.4375,6.934999999999998,3.625,1
6.761874999999998,3.625,6.934999999999998,3.8125,1
6.761874999999998,3.8125,6.934999999999998,4.0,1
6.761874999999998,4.0,6.934999999999998,4.1875,1
6.761874999999998,4.1875,6.934999999999998,4.375,1
6.761874999999998,4.375,6.934999999999998,4.5625,1
6.761874999999998,4.5625,6.934999999999998,4.75,1
6.761874999999998,4.75,6.934999999999998,4.9375,1
6.761874999999998,4.9375,6.934999999999998,5.125,1
6.761874999999998,5.125,6.934999999999998,5.3125,-1
6.761874999999998,5.3125,6.934999999999998,5.5,-1
6.761874999999998,5.5,6.934999999999998,5.6875,-1
6.761874999999998,5.6875,6.934999999999998,5.875,-1
6.761874999999998,5.875,6.934999999999998,6.0625,-1
6.761874999999998,6.0625,6.934999999999998,6.25,-1
6.761874999999998,6.25,6.934999999999998,6.4375,-1
6.761874999999998,6.4375,6.934999999999998,6.625,-1
6.761874999999998,6.625,6.934999999999998,6.8125,-1
6.761874999999998,6.8125,6.934999999999998,7.0,-1
6.934999999999998,1.0,7.108124999999998,1.1875,1
6.934999999999998,1.1875,7.108124999999998,1.375,1
6.934999999999998,1.375,7.108124999999998,1.5625,1
6.934999999999998,1.5625,7.108124999999998,1.75,1
6.934999999999998,1.75,7.108124999999998,1.9375,1
6.934999999999998,1.9375,7.108124999999998,2.125,1
6.934999999999998,2.125,7.108124999999998,2.3125,1
6.934999999999998,2.3125,7.108124999999998,2.5,1
6.934999999999998,2.5,7.108124999999998,2.6875,1
6.934999999999998,2.6875,7.108124999999998,2.875,1
6.934999999999998,2.875,7.108124999999998,3.0625,1
6.934999999999998,3.0625,7.108124999999998,3.25,1
6.934999999999998,3.25,7.108124999999998,3.4375,1
6.934999999999998,3.4375,7.108124999999998,3.625,1
6.934999999999998,3.625,7.108124999999998,3.8125,1
6.934999999999998,3.8125,7.108124999999998,4.0,1
6.934999999999998,4.0,7.108124999999998,4.1875,1
6.934999999999998,4.1875,7.108124999999998,4.375,1
6.934999999999998,4.375,7.108124999999998,4.5625,1
6.934999999999998,4.5625,7.108124999999998,4.75,1
6.934999999999998,4.75,7.108124999999998,4.9375,1
6.934999999999998,4.9375,7.108124999999998,5.125,1
6.934999999999998,5.125,7.108124999999998,5.3125,-1
6.934999999999998,5.3125,7.108124999999998,5.5,-1
6.934999999999998,5.5,7.108124999999998,5.6875,-1
6.934999999999998,5.6875,7.108124999999998,5.875,-1
6.934999999999998,5.875,7.108124999999998,6.0625,-1
6.934999999999998,6.0625,7.108124999999998,6.25,-1
6.934999999999998,6.25,7.108124999999998,6.4375,-1
6.934999999999998,6.4375,7.108124999999998,6.625,-1
6.934999999999998,6.625,7.108124999999998,6.8125,-1
6.934999999999998,6.8125,7.108124999999998,7.0,-1
7.108124999999998,1.0,7.281249999999997,1.1875,1
7.108124999999998,1.1875,7.281249999999997,1.375,1
7.108124999999998,1.375,7.281249999999997,1.5625,1
7.108124999999998,1.5625,7.281249999999997,1.75,1
7.108124999999998,1.75,7.281249999999997,1.9375,1
7.108124999999998,1.9375,7.281249999999997,2.125,1
7.108124999999998,2.125,7.281249999999997,2.3125,1
7.108124999999998,2.3125,7.281249999999997,2.5,1
7.108124999999998,2.5,7.281249999999997,2.6875,1
7.108124999999998,2.6875,7.281249999999997,2.875,1
7.108124999999998,2.875,7.281249999999997,3.0625,1
7.108124999999998,3.0625,7.281249999999997,3.25,1
7.108124999999998,3.25,7.281249999999997,3.4375,1
7.108124999999998,3.4375,7.281249999999997,3.625,1
7.108124999999998,3.625,7.281249999999997,3.8125,1
7.108124999999998,3.8125,7.281249999999997,4.0,1
7.108124999999998,4.0,7.281249999999997,4.1875,-1
7.108124999999998,4.1875,7.281249999999997,4.375,-1
7.108124999999998,4.375,7.281249999999997,4.5625,-1
7.108124999999998,4.5625,7.281249999999997,4.75,-1
7.108124999999998,4.75,7.281249999999997,4.9375,-1
7.108124999999998,4.9375,7.281249999999997,5.125,-1
7.108124999999998,5.125,7.281249999999997,5.3125,-1
7.108124999999998,5.3125,7.281249999999997,5.5,-1
7.108124999999998,5.5,7.281249999999997,5.6875,-1
7.108124999999998,5.6875,7.281249999999997,5.875,-1
7.108124999999998,5.875,7.281249999999997,6.0625,-1
7.108124999999998,6.0625,7.281249999999997,6.25,-1
7.108124999999998,6.25,7.281249999999997,6.4375,-1
7.108124999999998,6.4375,7.281249999999997,6.625,-1
7.108124999999998,6.625,7.281249999999997,6.8125,-1
7.108124999999998,6.8125,7.281249999999997,7.0,-1
7.281249999999997,1.0,7.454374999999997,1.1875,1
7.281249999999997,1.1875,7.454374999999997,1.375,1
7.281249999999997,1.375,7.454374999999997,1.5625,1
7.281249999999997,1.5625,7.454374999999997,1.75,1
7.281249999999997,1.75,7.454374999999997,1.9375,1
7.281249999999997,1.9375,7.454374999999997,2.125,1
7.281249999999997,2.125,7.454374999999997,2.3125,1
7.281249999999997,2.3125,7.454374999999997,2.5,1
7.281249999999997,2.5,7.454374999999997,2.6875,1
7.281249999999997,2.6875,7.454374999999997,2.875,1
7.281249999999997,2.875,7.454374999999997,3.0625,1
7.281249999999997,3.0625,7.454374999999997,3.25,-1
7.281249999999997,3.25,7.454374999999997,3.4375,-1
7.281249999999997,3.4375,7.454374999999997,3.625,-1
7.281249999999997,3.625,7.454374999999997,3.8125,-1
7.281249999999997,3.8125,7.454374999999997,4.0,-1
7.281249999999997,4.0,7.454374999999997,4.1875,-1
7.281249999999997,4.1875,7.454374999999997,4.375,-1
7.281249999999997,4.375,7.454374999999997,4.5625,-1
7.281249999999997,4.5625,7.454374999999997,4.75,-1
7.281249999999997,4.75,7.454374999999997,4.9375,-1
7.281249999999997,4.9375,7.454374999999997,5.125,-1
7.281249999999997,5.125,7.454374999999997,5.3125,-1
7.281249999999997,5.3125,7.454374999999997,5.5,-1
7.281249999999997,5.5,7.454374999999997,5.6875,-1
7.281249999999997,5.6875,7.454374999999997,5.875,-1
7.281249999999997,5.875,7.454374999999997,6.0625,-1
7.281249999999997,6.0625,7.454374999999997,6.25,-1
7.281249999999997,6.25,7.454374999999997,6.4375,-1
7.281249999999997,6.4375,7.454374999999997,6.625,-1
7.281249999999997,6.625,7.454374999999997,6.8125,-1
7.281249999999997,6.8125,7.454374999999997,7.0,-1
7.454374999999997,1.0,7.627499999999997,1.1875,1
7.454374999999997,1.1875,7.627499999999997,1.375,1
7.454374999999997,1.375,7.627499999999997,1.5625,1
7.454374999999997,1.5625,7.627499999999997,1.75,1
7.454374999999997,1.75,7.627499999999997,1.9375,1
7.454374999999997,1.9375,7.627499999999997,2.125,1
7.454374999999997,2.125,7.627499999999997,2.3125,1
7.454374999999997,2.3125,7.627499999999997,2.5,1
7.454374999999997,2.5,7.627499999999997,2.6875,1
7.454374999999997,2.6875,7.627499999999997,2.875,1
7.454374999999997,2.875,7.627499999999997,3.0625,1
7.454374999999997,3.0625,7.627499999999997,3.25,-1
7.454374999999997,3.25,7.627499999999997,3.4375,-1
7.454374999999997,3.4375,7.627499999999997,3.625,-1
7.454374999999997,3.625,7.627499999999997,3.8125,-1
7.454374999999997,3.8125,7.627499999999997,4.0,-1
7.454374999999997,4.0,7.627499999999997,4.1875,-1
7.454374999999997,4.1875,7.627499999999997,4.375,-1
7.454374999999997,4.375,7.627499999999997,4.5625,-1
7.454374999999997,4.5625,7.627499999999997,4.75,-1
7.454374999999997,4.75,7.627499999999997,4.9375,-1
7.454374999999997,4.9375,7.627499999999997,5.125,-1
7.454374999999997,5.125,7.627499999999997,5.3125,-1
7.454374999999997,5.3125,7.627499999999997,5.5,-1
7.454374999999997,5.5,7.627499999999997,5.6875,-1
7.454374999999997,5.6875,7.627499999999997,5.875,-1
7.454374999999997,5.875,7.627499999999997,6.0625,-1
7.454374999999997,6.0625,7.627499999999997,6.25,-1
7.454374999999997,6.25,7.627499999999997,6.4375,-1
7.454374999999997,6.4375,7.627499999999997,6.625,-1
7.454374999999997,6.625,7.627499999999997,6.8125,-1
7.454374999999997,6.8125,7.627499999999997,7.0,-1
7.627499999999997,1.0,7.800624999999997,1.1875,1
7.627499999999997,1.1875,7.800624999999997,1.375,1
7.627499999999997,1.375,7.800624999999997,1.5625,1
7.627499999999997,1.5625,7.800624999999997,1.75,1
7.627499999999997,1.75,7.800624999999997,1.9375,1
7.627499999999997,1.9375,7.800624999999997,2.125,1
7.627499999999997,2.125,7.800624999999997,2.3125,1
7.627499999999997,2.3125,7.800624999999997,2.5,1
7.627499999999997,2.5,7.800624999999997,2.6875,1
7.627499999999997,2.6875,7.800624999999997,2.875,1
7.627499999999997,2.875,7.800624999999997,3.0625,1
7.627499999999997,3.0625,7.800624999999997,3.25,-1
7.627499999999997,3.25,7.800624999999997,3.4375,-1
7.627499999999997,3.4375,7.800624999999997,3.625,-1
7.627499999999997,3.625,7.800624999999997,3.8125,-1
7.627499999999997,3.8125,7.800624999999997,4.0,-1
7.627499999999997,4.0,7.800624999999997,4.1875,-1
7.627499999999997,4.1875,7.800624999999997,4.375,-1
7.627499999999997,4.375,7.800624999999997,4.5625,-1
7.627499999999997,4.5625,7.800624999999997,4.75,-1
7.627499999999997,4.75,7.800624999999997,4.9375,-1
7.627499999999997,4.9375,7.800624999999997,5.125,-1
7.627499999999997,5.125,7.800624999999997,5.3125,-1
7.627499999999997,5.3125,7.800624999999997,5.5,-1
7.627499999999997,5.5,7.800624999999997,5.6875,-1
7.627499999999997,5.6875,7.800624999999997,5.875,-1
7.627499999999997,5.875,7.800624999999997,6.0625,-1
7.627499999999997,6.0625,7.800624999999997,6.25,-1
7.627499999999997,6.25,7.800624999999997,6.4375,-1
7.627499999999997,6.4375,7.800624999999997,6.625,-1
7.627499999999997,6.625,7.800624999999997,6.8125,-1
7.627499999999997,6.8125,7.800624999999997,7.0,-1
7.800624999999997,1.0,7.973749999999996,1.1875,1
7.800624999999997,1.1875,7.973749999999996,1.375,1
7.800624999999997,1.375,7.973749999999996,1.5625,1
7.800624999999997,1.5625,7.973749999999996,1.75,1
7.800624999999997,1.75,7.973749999999996,1.9375,1
7.800624999999997,1.9375,7.973749999999996,2.125,1
7.800624999999997,2.125,7.973749999999996,2.3125,1
7.800624999999997,2.3125,7.973749999999996,2.5,1
7.800624999999997,2.5,7.973749999999996,2.6875,1
7.800624999999997,2.6875,7.973749999999996,2.875,1
7.800624999999997,2.875,7.973749999999996,3.0625,1
7.800624999999997,3.0625,7.973749999999996,3.25,-1
7.800624999999997,3.25,7.973749999999996,3.4375,-1
7.800624999999997,3.4375,7.973749999999996,3.625,-1
7.800624999999997,3.625,7.973749999999996,3.8125,-1
7.800624999999997,3.8125,7.973749999999996,4.0,-1
7.800624999999997,4.0,7.973749999999996,4.1875,-1
7.800624999999997,4.1875,7.973749999999996,4.375,-1
7.800624999999997,4.375,7.973749999999996,4.5625,-1
7.800624999999997,4.5625,7.973749999999996,4.75,-1
7.800624999999997,4.75,7.973749999999996,4.9375,-1
7.800624999999997,4.9375,7.973749999999996,5.125,-1
7.800624999999997,5.125,7.973749999999996,5.3125,-1
7.800624999999997,5.3125,7.973749999999996,5.5,-1
7.800624999999997,5.5,7.973749999999996,5.6875,-1
7.800624999999997,5.6875,7.973749999999996,5.875,-1
7.800624999999997,5.875,7.973749999999996,6.0625,-1
7.800624999999997,6.0625,7.973749999999996,6.25,-1
7.800624999999997,6.25,7.973749999999996,6.4375,-1
7.800624999999997,6.4375,7.973749999999996,6.625,-1
7.800624999999997,6.625,7.973749999999996,6.8125,-1
7.800624999999997,6.8125,7.973749999999996,7.0,-1
7.973749999999996,1.0,8.146874999999996,1.1875,1
7.973749999999996,1.1875,8.146874999999996,1.375,1
7.973749999999996,1.375,8.146874999999996,1.5625,1
7.973749999999996,1.5625,8.146874999999996,1.75,1
7.973749999999996,1.75,8.146874999999996,1.9375,1
7.973749999999996,1.9375,8.146874999999996,2.125,1
7.973749999999996,2.125,8.146874999999996,2.3125,1
7.973749999999996,2.3125,8.146874999999996,2.5,1
7.973749999999996,2.5,8.146874999999996,2.6875,1
7.973749999999996,2.6875,8.146874999999996,2.875,1
7.973749999999996,2.875,8.146874999999996,3.0625,1
7.973749999999996,3.0625,8.146874999999996,3.25,-1
7.973749999999996,3.25,8.146874999999996,3.4375,-1
7.973749999999996,3.4375,8.146874999999996,3.625,-1
7.973749999999996,3.625,8.146874999999996,3.8125,-1
7.973749999999996,3.8125,8.146874999999996,4.0,-1
7.973749999999996,4.0,8.146874999999996,4.1875,-1
7.973749999999996,4.1875,8.146874999999996,4.375,-1
7.973749999999996,4.375,8.146874999999996,4.5625,-1
7.973749999999996,4.5625,8.146874999999996,4.75,-1
7.973749999999996,4.75,8.146874999999996,4.9375,-1
7.973749999999996,4.9375,8.146874999999996,5.125,-1
7.973749999999996,5.125,8.146874999999996,5.3125,-1
7.973749999999996,5.3125,8.146874999999996,5.5,-1
7.973749999999996,5.5,8.146874999999996,5.6875,-1
7.973749999999996,5.6875,8.146874999999996,5.875,-1
7.973749999999996,5.875,8.146874999999996,6.0625,-1
7.973749999999996,6.0625,8.146874999999996,6.25,-1
7.973749999999996,6.25,8.146874999999996,6.4375,-1
7.973749999999996,6.4375,8.146874999999996,6.625,-1
7.973749999999996,6.625,8.146874999999996,6.8125,-1
7.973749999999996,6.8125,8.146874999999996,7.0,-1
8.146874999999996,1.0,8.319999999999997,1.1875,1
8.146874999999996,1.1875,8.319999999999997,1.375,1
8.146874999999996,1.375,8.319999999999997,1.5625,1
8.146874999999996,1.5625,8.319999999999997,1.75,1
8.146874999999996,1.75,8.319999999999997,1.9375,1
8.146874999999996,1.9375,8.319999999999997,2.125,1
8.146874999999996,2.125,8.319999999999997,2.3125,1
8.146874999999996,2.3125,8.319999999999997,2.5,1
8.146874999999996,2.5,8.319999999999997,2.6875,1
8.146874999999996,2.6875,8.319999999999997,2.875,1
8.146874999999996,2.875,8.319999999999997,3.0625,1
8.146874999999996,3.0625,8.319999999999997,3.25,-1
8.146874999999996,3.25,8.319999999999997,3.4375,-1
8.146874999999996,3.4375,8.319999999999997,3.625,-1
8.146874999999996,3.625,8.319999999999997,3.8125,-1
8.146874999999996,3.8125,8.319999999999997,4.0,-1
8.146874999999996,4.0,8.319999999999997,4.1875,-1
8.146874999999996,4.1875,8.319999999999997,4.375,-1
8.146874999999996,4.375,8.319999999999997,4.5625,-1
8.146874999999996,4.5625,8.319999999999997,4.75,-1
8.146874999999996,4.75,8.319999999999997,4.9375,-1
8.146874999999996,4.9375,8.319999999999997,5.125,-1
8.146874999999996,5.125,8.319999999999997,5.3125,-1
8.146874999999996,5.3125,8.319999999999997,5.5,-1
8.146874999999996,5.5,8.319999999999997,5.6875,-1
8.146874999999996,5.6875,8.319999999999997,5.875,-1
8.146874999999996,5.875,8.319999999999997,6.0625,-1
8.146874999999996,6.0625,8.319999999999997,6.25,-1
8.146874999999996,6.25,8.319999999999997,6.4375,-1
8.146874999999996,6.4375,8.319999999999997,6.625,-1
8.146874999999996,6.625,8.319999999999997,6.8125,-1
8.146874999999996,6.8125,8.319999999999997,7.0,-1
8.319999999999997,1.0,8.493124999999997,1.1875,1
8.319999999999997,1.1875,8.493124999999997,1.375,1
8.319999999999997,1.375,8.493124999999997,1.5625,1
8.319999999999997,1.5625,8.493124999999997,1.75,1
8.319999999999997,1.75,8.493124999999997,1.9375,1
8.319999999999997,1.9375,8.493124999999997,2.125,1
8.319999999999997,2.125,8.493124999999997,2.3125,1
8.319999999999997,2.3125,8.493124999999997,2.5,1
8.319999999999997,2.5,8.493124999999997,2.6875,1
8.319999999999997,2.6875,8.493124999999997,2.875,1
8.319999999999997,2.875,8.493124999999997,3.0625,1
8.319999999999997,3.0625,8.493124999999997,3.25,-1
8.319999999999997,3.25,8.493124999999997,3.4375,-1
8.319999999999997,3.4375,8.493124999999997,3.625,-1
8.319999999999997,3.625,8.493124999999997,3.8125,-1
8.319999999999997,3.8125,8.493124999999997,4.0,-1
8.319999999999997,4.0,8.493124999999997,4.1875,-1
8.319999999999997,4.1875,8.493124999999997,4.375,-1
8.319999999999997,4.375,8.493124999999997,4.5625,-1
8.319999999999997,4.5625,8.493124999999997,4.75,-1
8.319999999999997,4.75,8.493124999999997,4.9375,-1
8.319999999999997,4.9375,8.493124999999997,5.125,-1
8.319999999999997,5.125,8.493124999999997,5.3125,-1
8.319999999999997,5.3125,8.493124999999997,5.5,-1
8.319999999999997,5.5,8.493124999999997,5.6875,-1
8.319999999999997,5.6875,8.493124999999997,5.875,-1
8.319999999999997,5.875,8.493124999999997,6.0625,-1
8.319999999999997,6.0625,8.493124999999997,6.25,-1
8.319999999999997,6.25,8.493124999999997,6.4375,-1
8.319999999999997,6.4375,8.493124999999997,6.625,-1
8.319999999999997,6.625,8.493124999999997,6.8125,-1
8.319999999999997,6.8125,8.493124999999997,7.0,-1
8.493124999999997,1.0,8.666249999999998,1.1875,1
8.493124999999997,1.1875,8.666249999999998,1.375,1
8.493124999999997,1.375,8.666249999999998,1.5625,1
8.493124999999997,1.5625,8.666249999999998,1.75,1
8.493124999999997,1.75,8.666249999999998,1.9375,1
8.493124999999997,1.9375,8.666249999999998,2.125,1
8.493124999999997,2.125,8.666249999999998,2.3125,1
8.493124999999997,2.3125,8.666249999999998,2.5,1
8.493124999999997,2.5,8.666249999999998,2.6875,1
8.493124999999997,2.6875,8.666249999999998,2.875,1
8.493124999999997,2.875,8.666249999999998,3.0625,1
8.493124999999997,3.0625,8.666249999999998,3.25,-1
8.493124999999997,3.25,8.666249999999998,3.4375,-1
8.493124999999997,3.4375,8.666249999999998,3.625,-1
8.493124999999997,3.625,8.666249999999998,3.8125,-1
8.493124999999997,3.8125,8.666249999999998,4.0,-1
8.493124999999997,4.0,8.666249999999998,4.1875,-1
8.493124999999997,4.1875,8.666249999999998,4.375,-1
8.493124999999997,4.375,8.666249999999998,4.5625,-1
8.493124999999997,4.5625,8.666249999999998,4.75,-1
8.493124999999997,4.75,8.666249999999998,4.9375,-1
8.493124999999997,4.9375,8.666249999999998,5.125,-1
8.493124999999997,5.125,8.666249999999998,5.3125,-1
8.493124999999997,5.3125,8.666249999999998,5.5,-1
8.493124999999997,5.5,8.666249999999998,5.6875,-1
8.493124999999997,5.6875,8.666249999999998,5.875,-1
8.493124999999997,5.875,8.666249999999998,6.0625,-1
8.493124999999997,6.0625,8.666249999999998,6.25,-1
8.493124999999997,6.25,8.666249999999998,6.4375,-1
8.493124999999997,6.4375,8.666249999999998,6.625,-1
8.493124999999997,6.625,8.666249999999998,6.8125,-1
8.493124999999997,6.8125,8.666249999999998,7.0,-1
8.666249999999998,1.0,8.839374999999999,1.1875,1
8.666249999999998,1.1875,8.839374999999999,1.375,1
8.666249999999998,1.375,8.839374999999999,1.5625,1
8.666249999999998,1.5625,8.839374999999999,1.75,1
8.666249999999998,1.75,8.839374999999999,1.9375,1
8.666249999999998,1.9375,8.839374999999999,2.125,1
8.666249999999998,2.125,8.839374999999999,2.3125,1
8.666249999999998,2.3125,8.839374999999999,2.5,1
8.666249999999998,2.5,8.839374999999999,2.6875,-1
8.666249999999998,2.6875,8.839374999999999,2.875,-1
8.666249999999998,2.875,8.839374999999999,3.0625,-1
8.666249999999998,3.0625,8.839374999999999,3.25,-1
8.666249999999998,3.25,8.839374999999999,3.4375,-1
8.666249999999998,3.4375,8.839374999999999,3.625,-1
8.666249999999998,3.625,8.839374999999999,3.8125,-1
8.666249999999998,3.8125,8.839374999999999,4.0,-1
8.666249999999998,4.0,8.839374999999999,4.1875,-1
8.666249999999998,4.1875,8.839374999999999,4.375,-1
8.666249999999998,4.375,8.839374999999999,4.5625,-1
8.666249999999998,4.5625,8.839374999999999,4.75,-1
8.666249999999998,4.75,8.839374999999999,4.9375,-1
8.666249999999998,4.9375,8.839374999999999,5.125,-1
8.666249999999998,5.125,8.839374999999999,5.3125,-1
8.666249999999998,5.3125,8.839374999999999,5.5,-1
8.666249999999998,5.5,8.839374999999999,5.6875,-1
8.666249999999998,5.6875,8.839374999999999,5.875,-1
8.666249999999998,5.875,8.839374999999999,6.0625,-1
8.666249999999998,6.0625,8.839374999999999,6.25,-1
8.666249999999998,6.25,8.839374999999999,6.4375,-1
8.666249999999998,6.4375,8.839374999999999,6.625,-1
8.666249999999998,6.625,8.839374999999999,6.8125,-1
8.666249999999998,6.8125,8.839374999999999,7.0,-1
8.839374999999999,1.0,9.0125,1.1875,1
8.839374999999999,1.1875,9.0125,1.375,1
8.839374999999999,1.375,9.0125,1.5625,1
8.839374999999999,1.5625,9.0125,1.75,1
8.839374999999999,1.75,9.0125,1.9375,1
8.839374999999999,1.9375,9.0125,2.125,1
8.839374999999999,2.125,9.0125,2.3125,-1
8.839374999999999,2.3125,9.0125,2.5,-1
8.839374999999999,2.5,9.0125,2.6875,-1
8.839374999999999,2.6875,9.0125,2.875,-1
8.839374999999999,2.875,9.0125,3.0625,-1
8.839374999999999,3.0625,9.0125,3.25,-1
8.839374999999999,3.25,9.0125,3.4375,-1
8.839374999999999,3.4375,9.0125,3.625,-1
8.839374999999999,3.625,9.0125,3.8125,-1
8.839374999999999,3.8125,9.0125,4.0,-1
8.839374999999999,4.0,9.0125,4.1875,-1
8.839374999999999,4.1875,9.0125,4.375,-1
8.839374999999999,4.375,9.0125,4.5625,-1
8.839374999999999,4.5625,9.0125,4.75,-1
8.839374999999999,4.75,9.0125,4.9375,-1
8.839374999999999,4.9375,9.0125,5.125,-1
8.839374999999999,5.125,9.0125,5.3125,-1
8.839374999999999,5.3125,9.0125,5.5,-1
8.839374999999999,5.5,9.0125,5.6875,-1
8.839374999999999,5.6875,9.0125,5.875,-1
8.839374999999999,5.875,9.0125,6.0625,-1
8.839374999999999,6.0625,9.0125,6.25,-1
8.839374999999999,6.25,9.0125,6.4375,-1
8.839374999999999,6.4375,9.0125,6.625,-1
8.839374999999999,6.625,9.0125,6.8125,-1
8.839374999999999,6.8125,9.0125,7.0,-1
9.0125,1.0,9.185625,1.1875,1
9.0125,1.1875,9.185625,1.375,1
9.0125,1.375,9.185625,1.5625,1
9.0125,1.5625,9.185625,1.75,1
9.0125,1.75,9.185625,1.9375,1
9.0125,1.9375,9.185625,2.125,-1
9.0125,2.125,9.185625,2.3125,-1
9.0125,2.3125,9.185625,2.5,-1
9.0125,2.5,9.185625,2.6875,-1
9.0125,2.6875,9.185625,2.875,-1
9.0125,2.875,9.185625,3.0625,-1
9.0125,3.0625,9.185625,3.25,-1
9.0125,3.25,9.185625,3.4375,-1
9.0125,3.4375,9.185625,3.625,-1
9.0125,3.625,9.185625,3.8125,-1
9.0125,3.8125,9.185625,4.0,-1
9.0125,4.0,9.185625,4.1875,-1
9.0125,4.1875,9.185625,4.375,-1
9.0125,4.375,9.185625,4.5625,-1
9.0125,4.5625,9.185625,4.75,-1
9.0125,4.75,9.185625,4.9375,-1
9.0125,4.9375,9.185625,5.125,-1
9.0125,5.125,9.185625,5.3125,-1
9.0125,5.3125,9.185625,5.5,-1
9.0125,5.5,9.185625,5.6875,-1
9.0125,5.6875,9.185625,5.875,-1
9.0125,5.875,9.185625,6.0625,-1
9.0125,6.0625,9.185625,6.25,-1
9.0125,6.25,9.185625,6.4375,-1
9.0125,6.4375,9.185625,6.625,-1
9.0125,6.625,9.185625,6.8125,-1
9.0125,6.8125,9.185625,7.0,-1
9.185625,1.0,9.35875,1.1875,1
9.185625,1.1875,9.35875,1.375,1
9.185625,1.375,9.35875,1.5625,1
9.185625,1.5625,9.35875,1.75,1
9.185625,1.75,9.35875,1.9375,1
9.185625,1.9375,9.35875,2.125,-1
9.185625,2.125,9.35875,2.3125,-1
9.185625,2.3125,9.35875,2.5,-1
9.185625,2.5,9.35875,2.6875,-1
9.185625,2.6875,9.35875,2.875,-1
9.185625,2.875,9.35875,3.0625,-1
9.185625,3.0625,9.35875,3.25,-1
9.185625,3.25,9.35875,3.4375,-1
9.185625,3.4375,9.35875,3.625,-1
9.185625,3.625,9.35875,3.8125,-1
9.185625,3.8125,9.35875,4.0,-1
9.185625,4.0,9.35875,4.1875,-1
9.185625,4.1875,9.35875,4.375,-1
9.185625,4.375,9.35875,4.5625,-1
9.185625,4.5625,9.35875,4.75,-1
9.185625,4.75,9.35875,4.9375,-1
9.185625,4.9375,9.35875,5.125,-1
9.185625,5.125,9.35875,5.3125,-1
9.185625,5.3125,9.35875,5.5,-1
9.185625,5.5,9.35875,5.6875,-1
9.185625,5.6875,9.35875,5.875,-1
9.185625,5.875,9.35875,6.0625,-1
9.185625,6.0625,9.35875,6.25,-1
9.185625,6.25,9.35875,6.4375,-1
9.185625,6.4375,9.35875,6.625,-1
9.185625,6.625,9.35875,6.8125,-1
9.185625,6.8125,9.35875,7.0,-1
9.35875,1.0,9.531875000000001,1.1875,1
9.35875,1.1875,9.531875000000001,1.375,1
9.35875,1.375,9.531875000000001,1.5625,1
9.35875,1.5625,9.531875000000001,1.75,1
9.35875,1.75,9.531875000000001,1.9375,-1
9.35875,1.9375,9.531875000000001,2.125,-1
9.35875,2.125,9.531875000000001,2.3125,-1
9.35875,2.3125,9.531875000000001,2.5,-1
9.35875,2.5,9.531875000000001,2.6875,-1
9.35875,2.6875,9.531875000000001,2.875,-1
9.35875,2.875,9.531875000000001,3.0625,-1
9.35875,3.0625,9.531875000000001,3.25,-1
9.35875,3.25,9.531875000000001,3.4375,-1
9.35875,3.4375,9.531875000000001,3.625,-1
9.35875,3.625,9.531875000000001,3.8125,-1
9.35875,3.8125,9.531875000000001,4.0,-1
9.35875,4.0,9.531875000000001,4.1875,-1
9.35875,4.1875,9.531875000000001,4.375,-1
9.35875,4.375,9.531875000000001,4.5625,-1
9.35875,4.5625,9.531875000000001,4.75,-1
9.35875,4.75,9.531875000000001,4.9375,-1
9.35875,4.9375,9.531875000000001,5.125,-1
9.35875,5.125,9.531875000000001,5.3125,-1
9.35875,5.3125,9.531875000000001,5.5,-1
9.35875,5.5,9.531875000000001,5.6875,-1
9.35875,5.6875,9.531875000000001,5.875,-1
9.35875,5.875,9.531875000000001,6.0625,-1
9.35875,6.0625,9.531875000000001,6.25,-1
9.35875,6.25,9.531875000000001,6.4375,-1
9.35875,6.4375,9.531875000000001,6.625,-1
9.35875,6.625,9.531875000000001,6.8125,-1
9.35875,6.8125,9.531875000000001,7.0,-1
9.531875000000001,1.0,9.705000000000002,1.1875,1
9.531875000000001,1.1875,9.705000000000002,1.375,1
9.531875000000001,1.375,9.705000000000002,1.5625,-1
9.531875000000001,1.5625,9.705000000000002,1.75,-1
9.531875000000001,1.75,9.705000000000002,1.9375,-1
9.531875000000001,1.9375,9.705000000000002,2.125,-1
9.531875000000001,2.125,9.705000000000002,2.3125,-1
9.531875000000001,2.3125,9.705000000000002,2.5,-1
9.531875000000001,2.5,9.705000000000002,2.6875,-1
9.531875000000001,2.6875,9.705000000000002,2.875,-1
9.531875000000001,2.875,9.705000000000002,3.0625,-1
9.531875000000001,3.0625,9.705000000000002,3.25,-1
9.531875000000001,3.25,9.705000000000002,3.4375,-1
9.531875000000001,3.4375,9.705000000000002,3.625,-1
9.531875000000001,3.625,9.705000000000002,3.8125,-1
9.531875000000001,3.8125,9.705000000000002,4.0,-1
9.531875000000001,4.0,9.705000000000002,4.1875,-1
9.531875000000001,4.1875,9.705000000000002,4.375,-1
9.531875000000001,4.375,9.705000000000002,4.5625,-1
9.531875000000001,4.5625,9.705000000000002,4.75,-1
9.531875000000001,4.75,9.705000000000002,4.9375,-1
9.531875000000001,4.9375,9.705000000000002,5.125,-1
9.531875000000001,5.125,9.705000000000002,5.3125,-1
9.531875000000001,5.3125,9.705000000000002,5.5,-1
9.531875000000001,5.5,9.705000000000002,5.6875,-1
9.531875000000001,5.6875,9.705000000000002,5.875,-1
9.531875000000001,5.875,9.705000000000002,6.0625,-1
9.531875000000001,6.0625,9.705000000000002,6.25,-1
9.531875000000001,6.25,9.705000000000002,6.4375,-1
9.531875000000001,6.4375,9.705000000000002,6.625,-1
9.531875000000001,6.625,9.705000000000002,6.8125,-1
9.531875000000001,6.8125,9.705000000000002,7.0,-1
9.705000000000002,1.0,9.878125000000002,1.1875,1
9.705000000000002,1.1875,9.878125000000002,1.375,-1
9.705000000000002,1.375,9.878125000000002,1.5625,-1
9.705000000000002,1.5625,9.878125000000002,1.75,-1
9.705000000000002,1.75,9.878125000000002,1.9375,-1
9.705000000000002,1.9375,9.878125000000002,2.125,-1
9.705000000000002,2.125,9.878125000000002,2.3125,-1
9.705000000000002,2.3125,9.878125000000002,2.5,-1
9.705000000000002,2.5,9.878125000000002,2.6875,-1
9.705000000000002,2.6875,9.878125000000002,2.875,-1
9.705000000000002,2.875,9.878125000000002,3.0625,-1
9.705000000000002,3.0625,9.878125000000002,3.25,-1
9.705000000000002,3.25,9.878125000000002,3.4375,-1
9.705000000000002,3.4375,9.878125000000002,3.625,-1
9.705000000000002,3.625,9.878125000000002,3.8125,-1
9.705000000000002,3.8125,9.878125000000002,4.0,-1
9.705000000000002,4.0,9.878125000000002,4.1875,-1
9.705000000000002,4.1875,9.878125000000002,4.375,-1
9.705000000000002,4.375,9.878125000000002,4.5625,-1
9.705000000000002,4.5625,9.878125000000002,4.75,-1
9.705000000000002,4.75,9.878125000000002,4.9375,-1
9.705000000000002,4.9375,9.878125000000002,5.125,-1
9.705000000000002,5.125,9.878125000000002,5.3125,-1
9.705000000000002,5.3125,9.878125000000002,5.5,-1
9.705000000000002,5.5,9.878125000000002,5.6875,-1
9.705000000000002,5.6875,9.878125000000002,5.875,-1
9.705000000000002,5.875,9.878125000000002,6.0625,-1
9.705000000000002,6.0625,9.878125000000002,6.25,-1
9.705000000000002,6.25,9.878125000000002,6.4375,-1
9.705000000000002,6.4375,9.878125000000002,6.625,-1
9.705000000000002,6.625,9.878125000000002,6.8125,-1
9.705000000000002,6.8125,9.878125000000002,7.0,-1
9.878125000000002,1.0,10.051250000000003,1.1875,-1
9.878125000000002,1.1875,10.051250000000003,1.375,-1
9.878125000000002,1.375,10.051250000000003,1.5625,-1
9.878125000000002,1.5625,10.051250000000003,1.75,-1
9.878125000000002,1.75,10.051250000000003,1.9375,-1
9.878125000000002,1.9375,10.051250000000003,2.125,-1
9.878125000000002,2.125,10.051250000000003,2.3125,-1
9.878125000000002,2.3125,10.051250000000003,2.5,-1
9.878125000000002,2.5,10.051250000000003,2.6875,-1
9.878125000000002,2.6875,10.051250000000003,2.875,-1
9.878125000000002,2.875,10.051250000000003,3.0625,-1
9.878125000000002,3.0625,10.051250000000003,3.25,-1
9.878125000000002,3.25,10.051250000000003,3.4375,-1
9.878125000000002,3.4375,10.051250000000003,3.625,-1
9.878125000000002,3.625,10.051250000000003,3.8125,-1
9.878125000000002,3.8125,10.051250000000003,4.0,-1
9.878125000000002,4.0,10.051250000000003,4.1875,-1
9.878125000000002,4.1875,10.051250000000003,4.375,-1
9.878125000000002,4.375,10.051250000000003,4.5625,-1
9.878125000000002,4.5625,10.051250000000003,4.75,-1
9.878125000000002,4.75,10.051250000000003,4.9375,-1
9.878125000000002,4.9375,10.051250000000003,5.125,-1
9.878125000000002,5.125,10.051250000000003,5.3125,-1
9.878125000000002,5.3125,10.051250000000003,5.5,-1
9.878125000000002,5.5,10.051250000000003,5.6875,-1
9.878125000000002,5.6875,10.051250000000003,5.875,-1
9.878125000000002,5.875,10.051250000000003,6.0625,-1
9.878125000000002,6.0625,10.051250000000003,6.25,-1
9.878125000000002,6.25,10.051250000000003,6.4375,-1
9.878125000000002,6.4375,10.051250000000003,6.625,-1
9.878125000000002,6.625,10.051250000000003,6.8125,-1
9.878125000000002,6.8125,10.051250000000003,7.0,-1
10.051250000000003,1.0,10.224375000000004,1.1875,-1
10.051250000000003,1.1875,10.224375000000004,1.375,-1
10.051250000000003,1.375,10.224375000000004,1.5625,-1
10.051250000000003,1.5625,10.224375000000004,1.75,-1
10.051250000000003,1.75,10.224375000000004,1.9375,-1
10.051250000000003,1.9375,10.224375000000004,2.125,-1
10.051250000000003,2.125,10.224375000000004,2.3125,-1
10.051250000000003,2.3125,10.224375000000004,2.5,-1
10.051250000000003,2.5,10.224375000000004,2.6875,-1
10.051250000000003,2.6875,10.224375000000004,2.875,-1
10.051250000000003,2.875,10.224375000000004,3.0625,-1
10.051250000000003,3.0625,10.224375000000004,3.25,-1
10.051250000000003,3.25,10.224375000000004,3.4375,-1
10.051250000000003,3.4375,10.224375000000004,3.625,-1
10.051250000000003,3.625,10.224375000000004,3.8125,-1
10.051250000000003,3.8125,10.224375000000004,4.0,-1
10.051250000000003,4.0,10.224375000000004,4.1875,-1
10.051250000000003,4.1875,10.224375000000004,4.375,-1
10.051250000000003,4.375,10.224375000000004,4.5625,-1
10.051250000000003,4.5625,10.224375000000004,4.75,-1
10.051250000000003,4.75,10.224375000000004,4.9375,-1
10.051250000000003,4.9375,10.224375000000004,5.125,-1
10.051250000000003,5.125,10.224375000000004,5.3125,-1
10.051250000000003,5.3125,10.224375000000004,5.5,-1
10.051250000000003,5.5,10.224375000000004,5.6875,-1
10.051250000000003,5.6875,10.224375000000004,5.875,-1
10.051250000000003,5.875,10.224375000000004,6.0625,-1
10.051250000000003,6.0625,10.224375000000004,6.25,-1
10.051250000000003,6.25,10.224375000000004,6.4375,-1
10.051250000000003,6.4375,10.224375000000004,6.625,-1
10.051250000000003,6.625,10.224375000000004,6.8125,-1
10.051250000000003,6.8125,10.224375000000004,7.0,-1
10.224375000000004,1.0,10.397500000000004,1.1875,-1
10.224375000000004,1.1875,10.397500000000004,1.375,-1
10.224375000000004,1.375,10.397500000000004,1.5625,-1
10.224375000000004,1.5625,10.397500000000004,1.75,-1
10.224375000000004,1.75,10.397500000000004,1.9375,-1
10.224375000000004,1.9375,10.397500000000004,2.125,-1
10.224375000000004,2.125,10.397500000000004,2.3125,-1
10.224375000000004,2.3125,10.397500000000004,2.5,-1
10.224375000000004,2.5,10.397500000000004,2.6875,-1
10.224375000000004,2.6875,10.397500000000004,2.875,-1
10.224375000000004,2.875,10.397500000000004,3.0625,-1
10.224375000000004,3.0625,10.397500000000004,3.25,-1
10.224375000000004,3.25,10.397500000000004,3.4375,-1
10.224375000000004,3.4375,10.397500000000004,3.625,-1
10.224375000000004,3.625,10.397500000000004,3.8125,-1
10.224375000000004,3.8125,10.397500000000004,4.0,-1
10.224375000000004,4.0,10.397500000000004,4.1875,-1
10.224375000000004,4.1875,10.397500000000004,4.375,-1
10.224375000000004,4.375,10.397500000000004,4.5625,-1
10.224375000000004,4.5625,10.397500000000004,4.75,-1
10.224375000000004,4.75,10.397500000000004,4.9375,-1
10.224375000000004,4.9375,10.397500000000004,5.125,-1
10.224375000000004,5.125,10.397500000000004,5.3125,-1
10.224375000000004,5.3125,10.397500000000004,5.5,-1
10.224375000000004,5.5,10.397500000000004,5.6875,-1
10.224375000000004,5.6875,10.397500000000004,5.875,-1
10.224375000000004,5.875,10.397500000000004,6.0625,-1
10.224375000000004,6.0625,10.397500000000004,6.25,-1
10.224375000000004,6.25,10.397500000000004,6.4375,-1
10.224375000000004,6.4375,10.397500000000004,6.625,-1
10.224375000000004,6.625,10.397500000000004,6.8125,-1
10.224375000000004,6.8125,10.397500000000004,7.0,-1
10.397500000000004,1.0,10.570625000000005,1.1875,-1
10.397500000000004,1.1875,10.570625000000005,1.375,-1
10.397500000000004,1.375,10.570625000000005,1.5625,-1
10.397500000000004,1.5625,10.570625000000005,1.75,-1
10.397500000000004,1.75,10.570625000000005,1.9375,-1
10.397500000000004,1.9375,10.570625000000005,2.125,-1
10.397500000000004,2.125,10.570625000000005,2.3125,-1
10.397500000000004,2.3125,10.570625000000005,2.5,-1
10.397500000000004,2.5,10.570625000000005,2.6875,-1
10.397500000000004,2.6875,10.570625000000005,2.875,-1
10.397500000000004,2.875,10.570625000000005,3.0625,-1
10.397500000000004,3.0625,10.570625000000005,3.25,-1
10.397500000000004,3.25,10.570625000000005,3.4375,-1
10.397500000000004,3.4375,10.570625000000005,3.625,-1
10.397500000000004,3.625,10.570625000000005,3.8125,-1
10.397500000000004,3.8125,10.570625000000005,4.0,-1
10.397500000000004,4.0,10.570625000000005,4.1875,-1
10.397500000000004,4.1875,10.570625000000005,4.375,-1
10.397500000000004,4.375,10.570625000000005,4.5625,-1
10.397500000000004,4.5625,10.570625000000005,4.75,-1
10.397500000000004,4.75,10.570625000000005,4.9375,-1
10.397500000000004,4.9375,10.570625000000005,5.125,-1
10.397500000000004,5.125,10.570625000000005,5.3125,-1
10.397500000000004,5.3125,10.570625000000005,5.5,-1
10.397500000000004,5.5,10.570625000000005,5.6875,-1
10.397500000000004,5.6875,10.570625000000005,5.875,-1
10.397500000000004,5.875,10.570625000000005,6.0625,-1
10.397500000000004,6.0625,10.570625000000005,6.25,-1
10.397500000000004,6.25,10.570625000000005,6.4375,-1
10.397500000000004,6.4375,10.570625000000005,6.625,-1
10.397500000000004,6.625,10.570625000000005,6.8125,-1
10.397500000000004,6.8125,10.570625000000005,7.0,-1
10.570625000000005,1.0,10.743750000000006,1.1875,-1
10.570625000000005,1.1875,10.743750000000006,1.375,-1
10.570625000000005,1.375,10.743750000000006,1.5625,-1
10.570625000000005,1.5625,10.743750000000006,1.75,-1
10.570625000000005,1.75,10.743750000000006,1.9375,-1
10.570625000000005,1.9375,10.743750000000006,2.125,-1
10.570625000000005,2.125,10.743750000000006,2.3125,-1
10.570625000000005,2.3125,10.743750000000006,2.5,-1
10.570625000000005,2.5,10.743750000000006,2.6875,-1
10.570625000000005,2.6875,10.743750000000006,2.875,-1
10.570625000000005,2.875,10.743750000000006,3.0625,-1
10.570625000000005,3.0625,10.743750000000006,3.25,-1
10.570625000000005,3.25,10.743750000000006,3.4375,-1
10.570625000000005,3.4375,10.743750000000006,3.625,-1
10.570625000000005,3.625,10.743750000000006,3.8125,-1
10.570625000000005,3.8125,10.743750000000006,4.0,-1
10.570625000000005,4.0,10.743750000000006,4.1875,-1
10.570625000000005,4.1875,10.743750000000006,4.375,-1
10.570625000000005,4.375,10.743750000000006,4.5625,-1
10.570625000000005,4.5625,10.743750000000006,4.75,-1
10.570625000000005,4.75,10.743750000000006,4.9375,-1
10.570625000000005,4.9375,10.743750000000006,5.125,-1
10.570625000000005,5.125,10.743750000000006,5.3125,-1
10.570625000000005,5.3125,10.743750000000006,5.5,-1
10.570625000000005,5.5,10.743750000000006,5.6875,-1
10.570625000000005,5.6875,10.743750000000006,5.875,-1
10.570625000000005,5.875,10.743750000000006,6.0625,-1
10.570625000000005,6.0625,10.743750000000006,6.25,-1
10.570625000000005,6.25,10.743750000000006,6.4375,-1
10.570625000000005,6.4375,10.743750000000006,6.625,-1
10.570625000000005,6.625,10.743750000000006,6.8125,-1
10.570625000000005,6.8125,10.743750000000006,7.0,-1
10.743750000000006,1.0,10.916875000000006,1.1875,-1
10.743750000000006,1.1875,10.916875000000006,1.375,-1
10.743750000000006,1.375,10.916875000000006,1.5625,-1
10.743750000000006,1.5625,10.916875000000006,1.75,-1
10.743750000000006,1.75,10.916875000000006,1.9375,-1
10.743750000000006,1.9375,10.916875000000006,2.125,-1
10.743750000000006,2.125,10.916875000000006,2.3125,-1
10.743750000000006,2.3125,10.916875000000006,2.5,-1
10.743750000000006,2.5,10.916875000000006,2.6875,-1
10.743750000000006,2.6875,10.916875000000006,2.875,-1
10.743750000000006,2.875,10.916875000000006,3.0625,-1
10.743750000000006,3.0625,10.916875000000006,3.25,-1
10.743750000000006,3.25,10.916875000000006,3.4375,-1
10.743750000000006,3.4375,10.916875000000006,3.625,-1
10.743750000000006,3.625,10.916875000000006,3.8125,-1
10.743750000000006,3.8125,10.916875000000006,4.0,-1
10.743750000000006,4.0,10.916875000000006,4.1875,-1
10.743750000000006,4.1875,10.916875000000006,4.375,-1
10.743750000000006,4.375,10.916875000000006,4.5625,-1
10.743750000000006,4.5625,10.916875000000006,4.75,-1
10.743750000000006,4.75,10.916875000000006,4.9375,-1
10.743750000000006,4.9375,10.916875000000006,5.125,-1
10.743750000000006,5.125,10.916875000000006,5.3125,-1
10.743750000000006,5.3125,10.916875000000006,5.5,-1
10.743750000000006,5.5,10.916875000000006,5.6875,-1
10.743750000000006,5.6875,10.916875000000006,5.875,-1
10.743750000000006,5.875,10.916875000000006,6.0625,-1
10.743750000000006,6.0625,10.916875000000006,6.25,-1
10.743750000000006,6.25,10.916875000000006,6.4375,-1
10.743750000000006,6.4375,10.916875000000006,6.625,-1
10.743750000000006,6.625,10.916875000000006,6.8125,-1
10.743750000000006,6.8125,10.916875000000006,7.0,-1
10.916875000000006,1.0,11.090000000000007,1.1875,-1
10.916875000000006,1.1875,11.090000000000007,1.375,-1
10.916875000000006,1.375,11.090000000000007,1.5625,-1
10.916875000000006,1.5625,11.090000000000007,1.75,-1
10.916875000000006,1.75,11.090000000000007,1.9375,-1
10.916875000000006,1.9375,11.090000000000007,2.125,-1
10.916875000000006,2.125,11.090000000000007,2.3125,-1
10.916875000000006,2.3125,11.090000000000007,2.5,-1
10.916875000000006,2.5,11.090000000000007,2.6875,-1
10.916875000000006,2.6875,11.090000000000007,2.875,-1
10.916875000000006,2.875,11.090000000000007,3.0625,-1
10.916875000000006,3.0625,11.090000000000007,3.25,-1
10.916875000000006,3.25,11.090000000000007,3.4375,-1
10.916875000000006,3.4375,11.090000000000007,3.625,-1
10.916875000000006,3.625,11.090000000000007,3.8125,-1
10.916875000000006,3.8125,11.090000000000007,4.0,-1
10.916875000000006,4.0,11.090000000000007,4.1875,-1
10.916875000000006,4.1875,11.090000000000007,4.375,-1
10.916875000000006,4.375,11.090000000000007,4.5625,-1
10.916875000000006,4.5625,11.090000000000007,4.75,-1
10.916875000000006,4.75,11.090000000000007,4.9375,-1
10.916875000000006,4.9375,11.090000000000007,5.125,-1
10.916875000000006,5.125,11.090000000000007,5.3125,-1
10.916875000000006,5.3125,11.090000000000007,5.5,-1
10.916875000000006,5.5,11.090000000000007,5.6875,-1
10.916875000000006,5.6875,11.090000000000007,5.875,-1
10.916875000000006,5.875,11.090000000000007,6.0625,-1
10.916875000000006,6.0625,11.090000000000007,6.25,-1
10.916875000000006,6.25,11.090000000000007,6.4375,-1
10.916875000000006,6.4375,11.090000000000007,6.625,-1
10.916875000000006,6.625,11.090000000000007,6.8125,-1
10.916875000000006,6.8125,11.090000000000007,7.0,-1
