day_time,night
visibility,fog
ped_type,adult
ego_speed,7.5000000000000275
first_sight_dist,5.568059814453125
crash,False
time,"[0.05, 0.1, 0.15, 0.2, 0.25, 0.3, 0.35, 0.4, 0.45, 0.5, 0.55, 0.6, 0.65, 0.7, 0.75, 0.8, 0.85, 0.9, 0.95, 1.0, 1.05, 1.1, 1.15, 1.2, 1.25, 1.3, 1.35, 1.4, 1.45, 1.5, 1.55, 1.6, 1.65, 1.7, 1.75, 1.8, 1.85, 1.9, 1.95, 2.0, 2.05, 2.1, 2.15, 2.2, 2.25, 2.3, 2.35, 2.4, 2.45, 2.5, 2.55, 2.6, 2.65, 2.7, 2.75, 2.8, 2.85, 2.9, 2.95, 3.0, 3.05, 3.1, 3.15, 3.2, 3.25, 3.3, 3.35, 3.4, 3.45, 3.5, 3.55, 3.6, 3.65, 3.7, 3.75, 3.8, 3.85, 3.9, 3.95, 4.0, 4.05, 4.1, 4.15, 4.2, 4.25, 4.3, 4.35, 4.4, 4.45, 4.5, 4.55, 4.6, 4.65, 4.7, 4.75, 4.8, 4.85, 4.9, 4.95, 5.0, 5.05, 5.1, 5.15, 5.2, 5.25, 5.3, 5.35, 5.4, 5.45, 5.5, 5.55, 5.6, 5.65, 5.7, 5.75, 5.8, 5.85, 5.9, 5.95, 6.0, 6.05, 6.1, 6.15, 6.2, 6.25, 6.3, 6.35, 6.4, 6.45, 6.5, 6.55, 6.6, 6.65, 6.7, 6.75, 6.8, 6.85, 6.9, 6.95, 7.0, 7.05, 7.1, 7.15, 7.2, 7.25, 7.3, 7.35, 7.4, 7.45, 7.5, 7.55, 7.6, 7.65, 7.7, 7.75, 7.8, 7.85, 7.9, 7.95, 8.0, 8.05, 8.1, 8.15, 8.2, 8.25, 8.3, 8.35, 8.4, 8.45, 8.5, 8.55, 8.6, 8.65, 8.7, 8.75, 8.8, 8.85, 8.9, 8.95, 9.0, 9.05, 9.1, 9.15, 9.2, 9.25, 9.3, 9.35, 9.4, 9.45, 9.5, 9.55, 9.6, 9.65, 9.7, 9.75, 9.8]"
ego_x,"[-3.0517578125e-05, 0.0, 0.0, 0.0, 0.0, 0.0, 0.0, 0.0, 0.0, 0.0, 0.0, 0.0, -0.000152587890625, -0.000152587890625, 0.0001220703125, 0.000335693359375, 0.000244140625, 0.000396728515625, 0.0003662109375, 0.0003662109375, 0.0003662109375, -0.00067138671875, 0.0001220703125, -0.002044677734375, -0.0030517578125, -0.0032958984375, -0.0032958984375, -0.00323486328125, -0.003082275390625, -0.002960205078125, -0.00286865234375, -0.002777099609375, -0.002716064453125, -0.002593994140625, -0.0025634765625, -0.002532958984375, -0.002593994140625, -0.002471923828125, -0.00244140625, -0.002349853515625, -0.00238037109375, -0.00238037109375, -0.00238037109375, -0.00238037109375, -0.00238037109375, -0.00238037109375, -0.00238037109375, -0.002410888671875, -0.002410888671875, -0.002410888671875, -0.002410888671875, -0.002410888671875, -0.002410888671875, -0.00244140625, -0.00250244140625, -0.002471923828125, -0.00238037109375, -0.0023193359375, -0.0023193359375, -0.0023193359375, -0.0023193359375, -0.00238037109375, -0.00244140625, -0.0023193359375, -0.002227783203125, -0.00213623046875, -0.002044677734375, -0.001953125, -0.0018310546875, -0.001739501953125, -0.001617431640625, -0.00152587890625, -0.001434326171875, -0.0013427734375, -0.001251220703125, -0.001129150390625, -0.00103759765625, -0.000946044921875, -0.0008544921875, -0.000762939453125, -0.000640869140625, -0.00054931640625, -0.000457763671875, -0.0003662109375, -0.000274658203125, -0.000152587890625, -6.103515625e-05, 3.0517578125e-05, 0.0001220703125, 0.000213623046875, 0.000335693359375, 0.00042724609375, 0.000518798828125, 0.0006103515625, 0.000701904296875, 0.000823974609375, 0.00091552734375, 0.001007080078125, 0.0010986328125, 0.001190185546875, 0.001312255859375, 0.00140380859375, 0.001495361328125, 0.0015869140625, 0.001678466796875, 0.001800537109375, 0.00189208984375, 0.001983642578125, 0.0020751953125, 0.002166748046875, 0.002288818359375, 0.00238037109375, 0.002471923828125, 0.0025634765625, 0.002655029296875, 0.002777099609375, 0.00286865234375, 0.002960205078125, 0.0030517578125, 0.003143310546875, 0.003265380859375, 0.00335693359375, 0.003448486328125, 0.0035400390625, 0.003631591796875, 0.003753662109375, 0.00384521484375, 0.003936767578125, 0.0040283203125, 0.004119873046875, 0.004241943359375, 0.00433349609375, 0.004425048828125, 0.004364013671875, 0.00439453125, 0.00445556640625, 0.004486083984375, 0.004638671875, 0.004852294921875, 0.0050048828125, 0.005096435546875, 0.005157470703125, 0.0052490234375, 0.005401611328125, 0.005523681640625, 0.0054931640625, 0.0054931640625, 0.0054931640625, 0.0054931640625, 0.005462646484375, 0.005462646484375, 0.005462646484375, 0.005462646484375, 0.005462646484375, 0.005462646484375, 0.005462646484375, 0.005462646484375, 0.005462646484375, 0.005462646484375, 0.005462646484375, 0.005462646484375, 0.005462646484375, 0.005462646484375, 0.005462646484375, 0.005462646484375, 0.005462646484375, 0.005462646484375, 0.005462646484375, 0.005462646484375, 0.005462646484375, 0.005462646484375, 0.005462646484375, 0.005462646484375, 0.005462646484375, 0.005462646484375, 0.005462646484375, 0.005462646484375, 0.005462646484375, 0.005462646484375, 0.005462646484375, 0.005462646484375, 0.005462646484375, 0.005462646484375, 0.005462646484375, 0.005462646484375, 0.005462646484375, 0.005462646484375, 0.005462646484375, 0.005462646484375, 0.005462646484375, 0.005462646484375, 0.005462646484375, 0.005462646484375, 0.005462646484375, 0.005462646484375, 0.005462646484375]"
ego_y,"[-49.983978271484375, -49.97911071777344, -49.97892761230469, -49.97999572753906, -49.98161315917969, -49.983154296875, -49.98475646972656, -49.98619079589844, -49.98765563964844, -49.98893737792969, -49.99028015136719, -49.97886657714844, -49.940582275390625, -49.88462829589844, -49.81263732910156, -49.7254638671875, -49.622711181640625, -49.503692626953125, -49.3656005859375, -49.20672607421875, -49.02745056152344, -48.85394287109375, -48.653045654296875, -48.43107604980469, -48.18931579589844, -47.92860412597656, -47.653839111328125, -47.375732421875, -47.09434509277344, -46.81303405761719, -46.52473449707031, -46.202606201171875, -45.853515625, -45.48542785644531, -45.107025146484375, -44.72637939453125, -44.345428466796875, -43.964141845703125, -43.582794189453125, -43.201324462890625, -42.82044982910156, -42.44017028808594, -42.06083679199219, -41.68214416503906, -41.304351806640625, -40.92707824707031, -40.550506591796875, -40.17427062988281, -39.79850769042969, -39.42292785644531, -39.04765319824219, -38.672393798828125, -38.29736328125, -37.92218017578125, -37.547119140625, -37.171844482421875, -36.79669189453125, -36.42132568359375, -36.04608154296875, -35.670623779296875, -35.2952880859375, -34.91986083984375, -34.544647216796875, -34.16935729980469, -33.79423522949219, -33.418975830078125, -33.0438232421875, -32.66851806640625, -32.29331970214844, -31.917938232421875, -31.542724609375, -31.167404174804688, -30.792205810546875, -30.416885375976562, -30.041717529296875, -29.66644287109375, -29.291290283203125, -28.916015625, -28.5408935546875, -28.165618896484375, -27.790496826171875, -27.41522216796875, -27.040115356445312, -26.664840698242188, -26.289718627929688, -25.914443969726562, -25.539337158203125, -25.1640625, -24.7889404296875, -24.413665771484375, -24.038543701171875, -23.66326904296875, -23.288162231445312, -22.912887573242188, -22.537765502929688, -22.162490844726562, -21.787384033203125, -21.412109375, -21.0369873046875, -20.661712646484375, -20.286590576171875, -19.91131591796875, -19.536209106445312, -19.160934448242188, -18.785812377929688, -18.410537719726562, -18.035430908203125, -17.66015625, -17.2850341796875, -16.909759521484375, -16.534637451171875, -16.15936279296875, -15.784255981445312, -15.408981323242188, -15.033859252929688, -14.658584594726562, -14.283477783203125, -13.908203125, -13.5330810546875, -13.157806396484375, -12.782684326171875, -12.40740966796875, -12.032302856445312, -11.657028198242188, -11.281906127929688, -10.906631469726562, -10.531524658203125, -10.15625, -9.7811279296875, -9.405853271484375, -9.030731201171875, -8.655471801757812, -8.280349731445312, -7.905059814453125, -7.5305633544921875, -7.16015625, -6.797943115234375, -6.446533203125, -6.108612060546875, -5.78448486328125, -5.4915618896484375, -5.263702392578125, -5.105072021484375, -5.0155487060546875, -4.993255615234375, -4.992919921875, -4.99212646484375, -4.9913177490234375, -4.9906158447265625, -4.9900970458984375, -4.9896392822265625, -4.9893341064453125, -4.9891204833984375, -4.988983154296875, -4.98883056640625, -4.9886932373046875, -4.9886016845703125, -4.988525390625, -4.9885101318359375, -4.9884796142578125, -4.988433837890625, -4.9884185791015625, -4.9883880615234375, -4.988372802734375, -4.988372802734375, -4.9883575439453125, -4.9883575439453125, -4.9883575439453125, -4.9883575439453125, -4.98834228515625, -4.98834228515625, -4.98834228515625, -4.98834228515625, -4.98834228515625, -4.98834228515625, -4.98834228515625, -4.98834228515625, -4.98834228515625, -4.98834228515625, -4.98834228515625, -4.98834228515625, -4.98834228515625, -4.98834228515625, -4.98834228515625, -4.98834228515625, -4.98834228515625, -4.98834228515625, -4.98834228515625, -4.98834228515625, -4.98834228515625, -4.98834228515625, -4.98834228515625, -4.98834228515625, -4.98834228515625, -4.98834228515625, -4.98834228515625]"
ego_v_x,"[9.194875747198239e-05, -0.00011044355051126331, -5.298122050589882e-05, -1.4447398825723212e-05, 2.7533594675333006e-06, 7.079844635882182e-06, 7.966780685819685e-06, 6.580012268386781e-06, 4.807299774256535e-06, 3.9290594031626824e-06, 3.0744195100851357e-06, -2.1096091131767025e-06, -0.00030804896960034966, 0.0012973828706890345, 0.004915036726742983, 0.0012617346365004778, -0.00122792087495327, 0.002501233946532011, -0.0010328375501558185, 0.0006210330175235868, 0.00041351126856170595, -0.024373916909098625, -0.06500199437141418, -0.027730710804462433, 0.0015094137052074075, 0.011650700122117996, 0.0108915651217103, 0.010959882289171219, 0.009341089054942131, 0.006659983657300472, 0.005604767706245184, 0.0044200303964316845, 0.0037149442359805107, 0.0029633657541126013, 0.002477237256243825, 0.001627944060601294, 0.002428495790809393, 0.0015971956308931112, 0.0012890450889244676, 0.0010001248447224498, 0.0007657773094251752, 0.0006249098805710673, 0.0005279247998259962, 0.00045700083137489855, 0.0004096045158803463, 0.0003608593251556158, 0.0003379459958523512, 0.0003271221066825092, 0.0003113504499197006, 0.000298616592772305, 0.00030114364926703274, 0.00028828292852267623, 0.00029202806763350964, 0.00046421666047535837, 0.0016834030393511057, 0.0020151124335825443, 0.0014690151438117027, 0.0009538208250887692, 0.0006869350909255445, 0.000549716001842171, 0.0004987306310795248, 0.0013172345934435725, 0.0029412901494652033, 0.0026305571664124727, 0.0019628352019935846, 0.0015595952281728387, 0.001350834732875228, 0.0012297582579776645, 0.001176609774120152, 0.0011493725469335914, 0.0011501533444970846, 0.001133057870902121, 0.0011395433684810996, 0.0011352342553436756, 0.0011413845932111144, 0.001140034873969853, 0.0011528589529916644, 0.0011415532790124416, 0.0011521445121616125, 0.0011447512079030275, 0.0011542197316884995, 0.0011519395047798753, 0.0011555778328329325, 0.0011471416801214218, 0.0011564617743715644, 0.0011495760409161448, 0.0011609578505158424, 0.0011489775497466326, 0.0011582426959648728, 0.0011490944307297468, 0.001162080094218254, 0.0011496309889480472, 0.0011589148780331016, 0.0011495334329083562, 0.0011585941538214684, 0.0011492995545268059, 0.0011626151390373707, 0.0011496186489239335, 0.0011585259344428778, 0.0011493623023852706, 0.001158187398687005, 0.0011506694136187434, 0.0011573897209018469, 0.0011478051310405135, 0.0011615968542173505, 0.0011490856995806098, 0.001158190774731338, 0.001148896524682641, 0.0011580197606235743, 0.0011545969173312187, 0.0011574290692806244, 0.0011481934925541282, 0.0011570038041099906, 0.0011499205138534307, 0.0011619364377111197, 0.0011492258636280894, 0.0011578260455280542, 0.0011481372639536858, 0.001161629450507462, 0.0011482626432552934, 0.0011576198739930987, 0.0011500113178044558, 0.0011570940259844065, 0.0011478791711851954, 0.0011617320124059916, 0.001149023650214076, 0.001158923259936273, 0.0011491058394312859, 0.0011577751720324159, 0.0011502084089443088, 0.0011571457143872976, 0.0011474800994619727, 0.0011675270507112145, 0.0027693614829331636, 0.003807211061939597, 0.004181159194558859, 0.004584116395562887, 0.004429185763001442, 0.003440051805227995, 0.002703727688640356, 0.0024041645228862762, 0.0038198265247046947, 0.00448366766795516, 0.0038014245219528675, 0.0011198690626770258, 0.000763632997404784, 0.0007033776491880417, 0.0006413185619749129, 0.0005878748488612473, 0.0005449099116958678, 0.0005147454212419689, 0.0004929417045786977, 0.0004770651867147535, 0.00046697526704519987, 3.144607035210356e-05, 2.6667303245631047e-05, 2.384003164479509e-05, 2.2417752916226164e-05, 2.1538473447435535e-05, 2.1288766220095567e-05, 2.1498388377949595e-05, 2.064745785901323e-05, 2.1112784452270716e-05, 2.0043999029439874e-05, 1.929029713210184e-05, 1.9647515728138387e-05, 1.8691494915401563e-05, 1.934133433678653e-05, 1.9664428691612557e-05, 1.9270404663984664e-05, 1.9895061996066943e-05, 1.912113293656148e-05, 1.9848606825689785e-05, 1.9874385543516837e-05, 0.0, 1.9189752492820844e-05, 1.9720344425877556e-05, 1.977026477106847e-05, 1.932296800077893e-05, 1.9815824998659082e-05, 1.9809825971606188e-05, 1.9093342416454107e-05, 1.9114277165499516e-05, 1.8602757336338982e-05, 1.9813440303551033e-05, 1.9195564163965173e-05, 1.955952393473126e-05, 1.9667371816467494e-05, 1.956775668077171e-05, 1.9386447092983872e-05, 1.948125645867549e-05, 1.5976167560438626e-05, 1.9338092897669412e-05, 1.949064426298719e-05, 1.9663571947603486e-05, 1.95374341274146e-05]"
ego_v_y,"[-0.031128086149692535, -0.010238958522677422, -0.032238684594631195, -0.01869678869843483, -0.027603304013609886, -0.02012694999575615, -0.02704440802335739, -0.020359503105282784, -0.027064813300967216, -0.02037668414413929, -0.027133779600262642, 0.44935858249664307, 0.9636839032173157, 1.2469291687011719, 1.5510526895523071, 1.8803547620773315, 2.174077272415161, 2.518178939819336, 2.920400619506836, 3.342332363128662, 3.739258289337158, 3.8166756629943848, 4.228590488433838, 4.628610610961914, 5.009710788726807, 5.379037380218506, 5.521258354187012, 5.616354465484619, 5.6173553466796875, 5.639374256134033, 6.039496421813965, 6.673730373382568, 7.154386520385742, 7.477564334869385, 7.591005802154541, 7.639132022857666, 7.628972053527832, 7.648660182952881, 7.633689880371094, 7.636805057525635, 7.609656810760498, 7.607115268707275, 7.576381206512451, 7.574484825134277, 7.5455193519592285, 7.547211170196533, 7.521829605102539, 7.5278639793396, 7.506251811981201, 7.5161895751953125, 7.497729778289795, 7.510619163513184, 7.494406700134277, 7.508477687835693, 7.49346399307251, 7.50800085067749, 7.493470191955566, 7.509348392486572, 7.495180606842041, 7.511318206787109, 7.4971184730529785, 7.512379169464111, 7.496531963348389, 7.511881351470947, 7.496759414672852, 7.512223243713379, 7.497378826141357, 7.512673854827881, 7.497658729553223, 7.512781143188477, 7.497622489929199, 7.512656211853027, 7.497432231903076, 7.5124382972717285, 7.497203826904297, 7.5122222900390625, 7.4970011711120605, 7.512050628662109, 7.4968581199646, 7.511940956115723, 7.496770858764648, 7.511878967285156, 7.496732234954834, 7.511858940124512, 7.496726989746094, 7.511862754821777, 7.496735095977783, 7.511876106262207, 7.496753215789795, 7.511894226074219, 7.496768474578857, 7.511909008026123, 7.4967827796936035, 7.511918544769287, 7.496795654296875, 7.511928081512451, 7.496800899505615, 7.511933326721191, 7.496804714202881, 7.511935234069824, 7.496804714202881, 7.511937141418457, 7.496804714202881, 7.51193380355835, 7.496800899505615, 7.511933326721191, 7.49679708480835, 7.511932373046875, 7.496798038482666, 7.511929035186768, 7.496796607971191, 7.511929035186768, 7.496796131134033, 7.511929988861084, 7.496798992156982, 7.5119309425354, 7.496798038482666, 7.511929988861084, 7.49679708480835, 7.511930465698242, 7.496798515319824, 7.5119309425354, 7.496798515319824, 7.511930465698242, 7.496798515319824, 7.511930465698242, 7.496796607971191, 7.511929988861084, 7.496796131134033, 7.511929035186768, 7.496798038482666, 7.5119309425354, 7.496783256530762, 7.513497352600098, 7.467362880706787, 7.365429401397705, 7.166065692901611, 6.941999435424805, 6.643301010131836, 6.38912296295166, 5.403663635253906, 4.033966064453125, 2.6449801921844482, 1.2618756294250488, 0.008454685099422932, -0.004415460396558046, -0.005704930517822504, -0.00517249945551157, -0.004209944047033787, -0.00327139999717474, -0.002484666183590889, -0.0018652619328349829, -0.001390836900100112, -0.0010334803955629468, -0.0007656344678252935, -0.0005669340607710183, -0.00041966760181821883, -0.0003107710217591375, -0.00016534449241589755, -0.00017981100245378911, -0.00015470015932805836, -0.0001225829473696649, -9.419550042366609e-05, -7.107615238055587e-05, -5.333208537194878e-05, -3.994652797700837e-05, -1.585935206094291e-05, -2.1474537788890302e-05, -1.9739130948437378e-05, -1.6555384718230926e-05, -1.2814327419619076e-05, -1.0156184544030111e-05, -8.208769941120408e-06, -6.167236733745085e-06, 0.0, -3.6113708574703196e-06, -3.6765354707313236e-06, -3.271857167419512e-06, -3.0503329071507324e-06, -2.6528164198680315e-06, -2.400670155111584e-06, -1.9929557311115786e-06, -2.066446313619963e-06, -1.6812979310998344e-06, -1.777056581886427e-06, -1.7003993662001449e-06, -1.8314085536985658e-06, -1.626210291760799e-06, -1.6397609670093516e-06, -1.6385688468290027e-06, -1.7134751715275343e-06, -1.4987028862378793e-06, -1.5861074871281744e-06, -1.6207434327952797e-06, -1.6407761904702056e-06, -1.5589315580655239e-06]"
ego_a_x,"[0.00039996171835809946, -0.004047846421599388, 0.0011492465855553746, 0.0007706764154136181, 0.00034401516313664615, 8.652970427647233e-05, 1.7738720998750068e-05, -2.7735368348658085e-05, -3.545424988260493e-05, -1.756480742187705e-05, -1.7092797861550935e-05, -0.00010368057701271027, -0.006118786986917257, 0.03210863471031189, 0.07235307991504669, -0.07306604087352753, -0.04979310929775238, 0.07458309829235077, -0.07068143039941788, 0.033077411353588104, -0.004150434862822294, -0.4957485496997833, -0.8125615119934082, 0.7454257011413574, 0.584802508354187, 0.20282572507858276, -0.015182700008153915, 0.0013663433492183685, -0.03237586468458176, -0.053622107952833176, -0.021104319021105766, -0.02369474619626999, -0.014101723209023476, -0.015031569637358189, -0.009722569957375526, -0.01698586344718933, 0.016011035069823265, -0.01662600412964821, -0.006163010839372873, -0.005778404884040356, -0.004686950705945492, -0.002817348577082157, -0.0019397016149014235, -0.0014184793690219522, -0.0009479263098910451, -0.0009749038144946098, -0.00045826658606529236, -0.0002164777833968401, -0.0003154331352561712, -0.0002546771429479122, 5.0541129894554615e-05, -0.00025721441488713026, 7.490278221666813e-05, 0.0034437719732522964, 0.024383727461099625, 0.006634187884628773, -0.010921945795416832, -0.010303886607289314, -0.005337714683264494, -0.002744381781667471, -0.001019707415252924, 0.016370078548789024, 0.0324811115860939, -0.006214659661054611, -0.013354439288377762, -0.008064799010753632, -0.004175209905952215, -0.002421529497951269, -0.0010629696771502495, -0.0005447445437312126, 1.5615951269865036e-05, -0.000341909471899271, 0.00012970995157957077, -8.618226274847984e-05, 0.00012300675734877586, -2.6994384825229645e-05, 0.0002564815804362297, -0.0002261134795844555, 0.0002118246629834175, -0.00014786608517169952, 0.00018937047570943832, -4.5604538172483444e-05, 7.276656106114388e-05, -0.00016872305423021317, 0.00018640188500285149, -0.0001377146691083908, 0.0002276361919939518, -0.00023960601538419724, 0.00018530292436480522, -0.00018296530470252037, 0.0002597132697701454, -0.00024898210540413857, 0.00018567778170108795, -0.00018762890249490738, 0.00018121441826224327, -0.0001858919858932495, 0.0002663116902112961, -0.0002599298022687435, 0.00017814571037888527, -0.00018327264115214348, 0.00017650192603468895, -0.00015035970136523247, 0.00013440614566206932, -0.0001916917972266674, 0.00027583446353673935, -0.0002502230927348137, 0.00018210150301456451, -0.0001858850009739399, 0.00018246471881866455, -6.845686584711075e-05, 5.66430389881134e-05, -0.0001847115345299244, 0.00017620623111724854, -0.00014166580513119698, 0.00024031847715377808, -0.0002542114816606045, 0.0001720036379992962, -0.00019377563148736954, 0.0002698437310755253, -0.0002673361450433731, 0.00018714461475610733, -0.00015217112377285957, 0.00014165416359901428, -0.0001842970959842205, 0.00027705682441592216, -0.00025416724383831024, 0.00019799219444394112, -0.0001963484100997448, 0.00017338665202260017, -0.00015133526176214218, 0.00013874610885977745, -0.00019331229850649834, 0.0004009390249848366, 0.032036688178777695, 0.02075699158012867, 0.007478962652385235, 0.008059144020080566, -0.0030986126512289047, -0.01978267915546894, -0.014726482331752777, -0.005991263315081596, 0.02831324003636837, 0.013276822865009308, -0.013644862920045853, -0.05363110825419426, -0.007124721072614193, -0.0012051069643348455, -0.001241181744262576, -0.0010688742622733116, -0.0008592987433075905, -0.0006032898090779781, -0.0004360743332654238, -0.00031753035727888346, -0.00020179839339107275, -0.008710583671927452, -9.557534212945029e-05, -5.654543201671913e-05, -2.844557457137853e-05, -1.758558937581256e-05, -4.994144546799362e-06, 4.192443157080561e-06, -1.7018610378727317e-05, 9.306531865149736e-06, -2.137570845661685e-05, -1.5074037946760654e-05, 7.144371920730919e-06, -1.9120416254736483e-05, 1.2996788427699357e-05, 6.461887096520513e-06, -7.880480552557856e-06, 1.249314664164558e-05, -1.5478581190109253e-05, 1.45494777825661e-05, 5.155743565410376e-07, -0.00039748771814629436, 0.0003837950644083321, 1.0611838661134243e-05, 9.984069038182497e-07, -8.945935405790806e-06, 9.857139957603067e-06, -1.199805410578847e-07, -1.4329671103041619e-05, 4.1869498090818524e-07, -1.0230396583210677e-05, 2.4213659344241023e-05, -1.2357522791717201e-05, 7.2791954153217375e-06, 2.1569576347246766e-06, -1.9923027139157057e-06, -3.626191755756736e-06, 1.8961873138323426e-06, -7.010177796473727e-05, 6.723850674461573e-05, 3.051027306355536e-06, 3.4585536923259497e-06, -2.5227564037777483e-06]"
ego_a_y,"[0.06255835294723511, 0.4177825450897217, -0.4399945139884949, 0.2708379030227661, -0.17813029885292053, 0.14952707290649414, -0.13834916055202484, 0.13369810581207275, -0.13410620391368866, 0.13376258313655853, -0.13514190912246704, 9.529847145080566, 10.286506652832031, 5.664905548095703, 6.082470417022705, 6.586041450500488, 5.874450206756592, 6.882033348083496, 8.04443359375, 8.438634872436523, 7.938518524169922, 1.5483474731445312, 8.238296508789062, 8.000402450561523, 7.622003555297852, 7.386531829833984, 2.844419479370117, 1.9019222259521484, 0.020017623901367188, 0.44037818908691406, 8.002443313598633, 12.68467903137207, 9.613122940063477, 6.463556289672852, 2.268829345703125, 0.9625244140625, -0.2031993865966797, 0.39376258850097656, -0.2994060516357422, 0.06230354309082031, -0.5429649353027344, -0.050830841064453125, -0.6146812438964844, -0.03792762756347656, -0.5793094635009766, 0.03383636474609375, -0.5076313018798828, 0.12068748474121094, -0.43224334716796875, 0.19875526428222656, -0.36919593811035156, 0.25778770446777344, -0.324249267578125, 0.2814197540283203, -0.3002738952636719, 0.2907371520996094, -0.29061317443847656, 0.3175640106201172, -0.283355712890625, 0.3227519989013672, -0.2839946746826172, 0.30521392822265625, -0.3169441223144531, 0.3069877624511719, -0.30243873596191406, 0.3092765808105469, -0.2968883514404297, 0.30590057373046875, -0.30030250549316406, 0.3024482727050781, -0.3031730651855469, 0.3006744384765625, -0.30447959899902344, 0.3001213073730469, -0.3046894073486328, 0.3003692626953125, -0.30442237854003906, 0.30098915100097656, -0.3038501739501953, 0.30165672302246094, -0.3034019470214844, 0.30216217041015625, -0.3029346466064453, 0.3025341033935547, -0.3026390075683594, 0.3027153015136719, -0.3025531768798828, 0.30282020568847656, -0.3024578094482422, 0.30282020568847656, -0.30251502990722656, 0.3028106689453125, -0.3025245666503906, 0.3027153015136719, -0.3024578094482422, 0.30264854431152344, -0.30254364013671875, 0.30264854431152344, -0.30257225036621094, 0.3026103973388672, -0.3026103973388672, 0.30264854431152344, -0.30264854431152344, 0.302581787109375, -0.3026580810546875, 0.30264854431152344, -0.30272483825683594, 0.3027057647705078, -0.3026866912841797, 0.30261993408203125, -0.30264854431152344, 0.30264854431152344, -0.3026580810546875, 0.3026771545410156, -0.30261993408203125, 0.3026390075683594, -0.3026580810546875, 0.3026390075683594, -0.3026580810546875, 0.30266761779785156, -0.3026390075683594, 0.30264854431152344, -0.30264854431152344, 0.3026390075683594, -0.3026390075683594, 0.3026390075683594, -0.3026771545410156, 0.30266761779785156, -0.3026771545410156, 0.3026580810546875, -0.30261993408203125, 0.3026580810546875, -0.30295372009277344, 0.33428192138671875, -0.9226894378662109, -2.0386695861816406, -3.987274169921875, -4.481325149536133, -5.973968505859375, -5.083560943603516, -19.709186553955078, -27.393951416015625, -27.77971649169922, -27.662090301513672, -25.068418502807617, -0.2574029266834259, -0.025789402425289154, 0.010648621246218681, 0.019251108169555664, 0.01877088099718094, 0.015734676271677017, 0.012388085015118122, 0.009488500654697418, 0.007147130090743303, 0.005356918554753065, 0.003974008373916149, 0.002945329062640667, 0.0021779316011816263, 0.00290853064507246, -0.00028933020075783134, 0.0005022168625146151, 0.0006423442391678691, 0.0005677489098161459, 0.00046238696086220443, 0.0003548813401721418, 0.0002677111478988081, 0.0004817435110453516, -0.00011230371455894783, 3.470813680905849e-05, 6.367492460412905e-05, 7.482114597223699e-05, 5.3162857511779293e-05, 3.8948292058194056e-05, 4.083066596649587e-05, 0.0001233447401318699, -7.22274198778905e-05, -1.3032922652200796e-06, 8.093566066236235e-06, 4.4304852053755894e-06, 7.950329745654017e-06, 5.042925295128953e-06, 8.154288480000105e-06, -1.469811650167685e-06, 7.70296719565522e-06, -1.9151730157318525e-06, 1.5331443137256429e-06, -2.620183749968419e-06, 4.103965238755336e-06, -2.710135049710516e-07, 2.3842403606977314e-08, -1.4981264939706307e-06, 4.2954457057930995e-06, -1.7480920178059023e-06, -6.927189133421052e-07, -4.006551534985192e-07, 1.6368926480936352e-06]"
ped_x,"[2.70001220703125, 2.70001220703125, 2.70001220703125, 2.70001220703125, 2.70001220703125, 2.70001220703125, 2.70001220703125, 2.70001220703125, 2.70001220703125, 2.70001220703125, 2.70001220703125, 2.70001220703125, 2.70001220703125, 2.70001220703125, 2.70001220703125, 2.70001220703125, 2.70001220703125, 2.70001220703125, 2.70001220703125, 2.70001220703125, 2.70001220703125, 2.70001220703125, 2.70001220703125, 2.70001220703125, 2.70001220703125, 2.70001220703125, 2.70001220703125, 2.70001220703125, 2.70001220703125, 2.70001220703125, 2.70001220703125, 2.70001220703125, 2.70001220703125, 2.70001220703125, 2.70001220703125, 2.70001220703125, 2.70001220703125, 2.70001220703125, 2.70001220703125, 2.70001220703125, 2.70001220703125, 2.70001220703125, 2.70001220703125, 2.70001220703125, 2.70001220703125, 2.70001220703125, 2.70001220703125, 2.70001220703125, 2.70001220703125, 2.70001220703125, 2.70001220703125, 2.70001220703125, 2.70001220703125, 2.70001220703125, 2.70001220703125, 2.70001220703125, 2.70001220703125, 2.70001220703125, 2.70001220703125, 2.70001220703125, 2.70001220703125, 2.70001220703125, 2.70001220703125, 2.70001220703125, 2.70001220703125, 2.70001220703125, 2.70001220703125, 2.70001220703125, 2.70001220703125, 2.70001220703125, 2.70001220703125, 2.70001220703125, 2.70001220703125, 2.70001220703125, 2.70001220703125, 2.70001220703125, 2.70001220703125, 2.70001220703125, 2.70001220703125, 2.70001220703125, 2.70001220703125, 2.70001220703125, 2.70001220703125, 2.70001220703125, 2.70001220703125, 2.70001220703125, 2.70001220703125, 2.70001220703125, 2.70001220703125, 2.70001220703125, 2.70001220703125, 2.70001220703125, 2.70001220703125, 2.70001220703125, 2.70001220703125, 2.70001220703125, 2.70001220703125, 2.70001220703125, 2.70001220703125, 2.70001220703125, 2.70001220703125, 2.70001220703125, 2.70001220703125, 2.70001220703125, 2.70001220703125, 2.70001220703125, 2.70001220703125, 2.694488525390625, 2.683441162109375, 2.666839599609375, 2.644683837890625, 2.616973876953125, 2.583740234375, 2.544952392578125, 2.5006103515625, 2.45074462890625, 2.395294189453125, 2.334320068359375, 2.267791748046875, 2.19573974609375, 2.1207275390625, 2.045745849609375, 1.970733642578125, 1.895721435546875, 1.82073974609375, 1.7457275390625, 1.670745849609375, 1.595733642578125, 1.520721435546875, 1.44573974609375, 1.3707275390625, 1.295745849609375, 1.220733642578125, 1.145721435546875, 1.07073974609375, 0.9957275390625, 0.920745849609375, 0.845733642578125, 0.770721435546875, 0.69573974609375, 0.6207275390625, 0.545745849609375, 0.470733642578125, 0.395721435546875, 0.32073974609375, 0.2457275390625, 0.170745849609375, 0.095733642578125, 0.020721435546875, -0.05426025390625, -0.1292724609375, -0.204254150390625, -0.279266357421875, -0.354278564453125, -0.42926025390625, -0.5042724609375, -0.579254150390625, -0.654266357421875, -0.729278564453125, -0.80426025390625, -0.8792724609375, -0.954254150390625, -1.029266357421875, -1.104278564453125, -1.17926025390625, -1.2542724609375, -1.329254150390625, -1.404266357421875, -1.479278564453125, -1.55426025390625, -1.6292724609375, -1.704254150390625, -1.779266357421875, -1.854278564453125, -1.92926025390625, -2.0042724609375, -2.079254150390625, -2.154266357421875, -2.229278564453125, -2.30426025390625, -2.3792724609375, -2.454254150390625, -2.529266357421875, -2.604278564453125, -2.67926025390625, -2.7542724609375, -2.829254150390625, -2.904266357421875, -2.979278564453125, -3.05426025390625, -3.1292724609375, -3.204254150390625, -3.279266357421875, -3.354278564453125, -3.42926025390625, -3.5042724609375]"
ped_y,"[0.0, 0.0, 0.0, 0.0, 0.0, 0.0, 0.0, 0.0, 0.0, 0.0, 0.0, 0.0, 0.0, 0.0, 0.0, 0.0, 0.0, 0.0, 0.0, 0.0, 0.0, 0.0, 0.0, 0.0, 0.0, 0.0, 0.0, 0.0, 0.0, 0.0, 0.0, 0.0, 0.0, 0.0, 0.0, 0.0, 0.0, 0.0, 0.0, 0.0, 0.0, 0.0, 0.0, 0.0, 0.0, 0.0, 0.0, 0.0, 0.0, 0.0, 0.0, 0.0, 0.0, 0.0, 0.0, 0.0, 0.0, 0.0, 0.0, 0.0, 0.0, 0.0, 0.0, 0.0, 0.0, 0.0, 0.0, 0.0, 0.0, 0.0, 0.0, 0.0, 0.0, 0.0, 0.0, 0.0, 0.0, 0.0, 0.0, 0.0, 0.0, 0.0, 0.0, 0.0, 0.0, 0.0, 0.0, 0.0, 0.0, 0.0, 0.0, 0.0, 0.0, 0.0, 0.0, 0.0, 0.0, 0.0, 0.0, 0.0, 0.0, 0.0, 0.0, 0.0, 0.0, 0.0, 0.0, 0.0, 0.0, 0.0, 0.0, 0.0, 0.0, 0.0, 0.0, 0.0, 0.0, 0.0, 0.0, 0.0, 0.0, 0.0, 0.0, 0.0, 0.0, 0.0, 0.0, 0.0, 0.0, 0.0, 0.0, 0.0, 0.0, 0.0, 0.0, 0.0, 0.0, 0.0, 0.0, 0.0, 0.0, 0.0, 0.0, 0.0, 0.0, 0.0, 0.0, 0.0, 0.0, 0.0, 0.0, 0.0, 0.0, 0.0, 0.0, 0.0, 0.0, 0.0, 0.0, 0.0, 0.0, 0.0, 0.0, 0.0, 0.0, 0.0, 0.0, 0.0, 0.0, 0.0, 0.0, 0.0, 0.0, 0.0, 0.0, 0.0, 0.0, 0.0, 0.0, 0.0, 0.0, 0.0, 0.0, 0.0, 0.0, 0.0, 0.0, 0.0, 0.0, 0.0, 0.0, 0.0, 0.0, 0.0, 0.0, 0.0]"
ped_v_x,"[0.0, 0.0, 0.0, 0.0, 0.0, 0.0, 0.0, 0.0, 0.0, 0.0, 0.0, 0.0, 0.0, 0.0, 0.0, 0.0, 0.0, 0.0, 0.0, 0.0, 0.0, 0.0, 0.0, 0.0, 0.0, 0.0, 0.0, 0.0, 0.0, 0.0, 0.0, 0.0, 0.0, 0.0, 0.0, 0.0, 0.0, 0.0, 0.0, 0.0, 0.0, 0.0, 0.0, 0.0, 0.0, 0.0, 0.0, 0.0, 0.0, 0.0, 0.0, 0.0, 0.0, 0.0, 0.0, 0.0, 0.0, 0.0, 0.0, 0.0, 0.0, 0.0, 0.0, 0.0, 0.0, 0.0, 0.0, 0.0, 0.0, 0.0, 0.0, 0.0, 0.0, 0.0, 0.0, 0.0, 0.0, 0.0, 0.0, 0.0, 0.0, 0.0, 0.0, 0.0, 0.0, 0.0, 0.0, 0.0, 0.0, 0.0, 0.0, 0.0, 0.0, 0.0, 0.0, 0.0, 0.0, 0.0, 0.0, 0.0, 0.0, 0.0, 0.0, 0.0, 0.0, 0.0, 0.0, -0.11054687201976776, -0.22109374403953552, -0.33203125, -0.4429687261581421, -0.553906261920929, -0.664843738079071, -0.7757812142372131, -0.88671875, -0.9976562261581421, -1.1085937023162842, -1.2195311784744263, -1.330468773841858, -1.44140625, -1.5, -1.5, -1.5, -1.5, -1.5, -1.5, -1.5, -1.5, -1.5, -1.5, -1.5, -1.5, -1.5, -1.5, -1.5, -1.5, -1.5, -1.5, -1.5, -1.5, -1.5, -1.5, -1.5, -1.5, -1.5, -1.5, -1.5, -1.5, -1.5, -1.5, -1.5, -1.5, -1.5, -1.5, -1.5, -1.5, -1.5, -1.5, -1.5, -1.5, -1.5, -1.5, -1.5, -1.5, -1.5, -1.5, -1.5, -1.5, -1.5, -1.5, -1.5, -1.5, -1.5, -1.5, -1.5, -1.5, -1.5, -1.5, -1.5, -1.5, -1.5, -1.5, -1.5, -1.5, -1.5, -1.5, -1.5, -1.5, -1.5, -1.5, -1.5, -1.5, -1.5, -1.5, -1.5, -1.5]"
ped_v_y,"[0.0, 0.0, 0.0, 0.0, 0.0, 0.0, 0.0, 0.0, 0.0, 0.0, 0.0, 0.0, 0.0, 0.0, 0.0, 0.0, 0.0, 0.0, 0.0, 0.0, 0.0, 0.0, 0.0, 0.0, 0.0, 0.0, 0.0, 0.0, 0.0, 0.0, 0.0, 0.0, 0.0, 0.0, 0.0, 0.0, 0.0, 0.0, 0.0, 0.0, 0.0, 0.0, 0.0, 0.0, 0.0, 0.0, 0.0, 0.0, 0.0, 0.0, 0.0, 0.0, 0.0, 0.0, 0.0, 0.0, 0.0, 0.0, 0.0, 0.0, 0.0, 0.0, 0.0, 0.0, 0.0, 0.0, 0.0, 0.0, 0.0, 0.0, 0.0, 0.0, 0.0, 0.0, 0.0, 0.0, 0.0, 0.0, 0.0, 0.0, 0.0, 0.0, 0.0, 0.0, 0.0, 0.0, 0.0, 0.0, 0.0, 0.0, 0.0, 0.0, 0.0, 0.0, 0.0, 0.0, 0.0, 0.0, 0.0, 0.0, 0.0, 0.0, 0.0, 0.0, 0.0, 0.0, 0.0, 0.0, 0.0, 0.0, 0.0, 0.0, 0.0, 0.0, 0.0, 0.0, 0.0, 0.0, 0.0, 0.0, 0.0, 0.0, 0.0, 0.0, 0.0, 0.0, 0.0, 0.0, 0.0, 0.0, 0.0, 0.0, 0.0, 0.0, 0.0, 0.0, 0.0, 0.0, 0.0, 0.0, 0.0, 0.0, 0.0, 0.0, 0.0, 0.0, 0.0, 0.0, 0.0, 0.0, 0.0, 0.0, 0.0, 0.0, 0.0, 0.0, 0.0, 0.0, 0.0, 0.0, 0.0, 0.0, 0.0, 0.0, 0.0, 0.0, 0.0, 0.0, 0.0, 0.0, 0.0, 0.0, 0.0, 0.0, 0.0, 0.0, 0.0, 0.0, 0.0, 0.0, 0.0, 0.0, 0.0, 0.0, 0.0, 0.0, 0.0, 0.0, 0.0, 0.0, 0.0, 0.0, 0.0, 0.0, 0.0, 0.0]"
ped_a_x,"[0.0, 0.0, 0.0, 0.0, 0.0, 0.0, 0.0, 0.0, 0.0, 0.0, 0.0, 0.0, 0.0, 0.0, 0.0, 0.0, 0.0, 0.0, 0.0, 0.0, 0.0, 0.0, 0.0, 0.0, 0.0, 0.0, 0.0, 0.0, 0.0, 0.0, 0.0, 0.0, 0.0, 0.0, 0.0, 0.0, 0.0, 0.0, 0.0, 0.0, 0.0, 0.0, 0.0, 0.0, 0.0, 0.0, 0.0, 0.0, 0.0, 0.0, 0.0, 0.0, 0.0, 0.0, 0.0, 0.0, 0.0, 0.0, 0.0, 0.0, 0.0, 0.0, 0.0, 0.0, 0.0, 0.0, 0.0, 0.0, 0.0, 0.0, 0.0, 0.0, 0.0, 0.0, 0.0, 0.0, 0.0, 0.0, 0.0, 0.0, 0.0, 0.0, 0.0, 0.0, 0.0, 0.0, 0.0, 0.0, 0.0, 0.0, 0.0, 0.0, 0.0, 0.0, 0.0, 0.0, 0.0, 0.0, 0.0, 0.0, 0.0, 0.0, 0.0, 0.0, 0.0, 0.0, 0.0, -2.2109375, -2.2109375, -2.21875, -2.218749523162842, -2.2187507152557373, -2.218749523162842, -2.218749523162842, -2.2187507152557373, -2.218749523162842, -2.218749523162842, -2.218749523162842, -2.218751907348633, -2.218749523162842, -1.171875, 0.0, 0.0, 0.0, 0.0, 0.0, 0.0, 0.0, 0.0, 0.0, 0.0, 0.0, 0.0, 0.0, 0.0, 0.0, 0.0, 0.0, 0.0, 0.0, 0.0, 0.0, 0.0, 0.0, 0.0, 0.0, 0.0, 0.0, 0.0, 0.0, 0.0, 0.0, 0.0, 0.0, 0.0, 0.0, 0.0, 0.0, 0.0, 0.0, 0.0, 0.0, 0.0, 0.0, 0.0, 0.0, 0.0, 0.0, 0.0, 0.0, 0.0, 0.0, 0.0, 0.0, 0.0, 0.0, 0.0, 0.0, 0.0, 0.0, 0.0, 0.0, 0.0, 0.0, 0.0, 0.0, 0.0, 0.0, 0.0, 0.0, 0.0, 0.0, 0.0, 0.0, 0.0, 0.0]"
ped_a_y,"[0.0, 0.0, 0.0, 0.0, 0.0, 0.0, 0.0, 0.0, 0.0, 0.0, 0.0, 0.0, 0.0, 0.0, 0.0, 0.0, 0.0, 0.0, 0.0, 0.0, 0.0, 0.0, 0.0, 0.0, 0.0, 0.0, 0.0, 0.0, 0.0, 0.0, 0.0, 0.0, 0.0, 0.0, 0.0, 0.0, 0.0, 0.0, 0.0, 0.0, 0.0, 0.0, 0.0, 0.0, 0.0, 0.0, 0.0, 0.0, 0.0, 0.0, 0.0, 0.0, 0.0, 0.0, 0.0, 0.0, 0.0, 0.0, 0.0, 0.0, 0.0, 0.0, 0.0, 0.0, 0.0, 0.0, 0.0, 0.0, 0.0, 0.0, 0.0, 0.0, 0.0, 0.0, 0.0, 0.0, 0.0, 0.0, 0.0, 0.0, 0.0, 0.0, 0.0, 0.0, 0.0, 0.0, 0.0, 0.0, 0.0, 0.0, 0.0, 0.0, 0.0, 0.0, 0.0, 0.0, 0.0, 0.0, 0.0, 0.0, 0.0, 0.0, 0.0, 0.0, 0.0, 0.0, 0.0, 0.0, 0.0, 0.0, 0.0, 0.0, 0.0, 0.0, 0.0, 0.0, 0.0, 0.0, 0.0, 0.0, 0.0, 0.0, 0.0, 0.0, 0.0, 0.0, 0.0, 0.0, 0.0, 0.0, 0.0, 0.0, 0.0, 0.0, 0.0, 0.0, 0.0, 0.0, 0.0, 0.0, 0.0, 0.0, 0.0, 0.0, 0.0, 0.0, 0.0, 0.0, 0.0, 0.0, 0.0, 0.0, 0.0, 0.0, 0.0, 0.0, 0.0, 0.0, 0.0, 0.0, 0.0, 0.0, 0.0, 0.0, 0.0, 0.0, 0.0, 0.0, 0.0, 0.0, 0.0, 0.0, 0.0, 0.0, 0.0, 0.0, 0.0, 0.0, 0.0, 0.0, 0.0, 0.0, 0.0, 0.0, 0.0, 0.0, 0.0, 0.0, 0.0, 0.0, 0.0, 0.0, 0.0, 0.0, 0.0, 0.0]"
